,Country,City,Year,co,no2,o3,pm10,pm25,so2
0,AT,Graz,2016,0.10000000000000002,15.433333333333332,,21.666666666666668,,1.6000000000000003
1,AT,Graz,2017,0.1,12.301092896174863,,22.53551912568306,,1.4262295081967213
2,AT,Graz,2018,0.1,10.634972677595629,,20.19672131147541,,1.2836065573770492
3,AT,Graz,2019,0.09999999999999999,9.852139037433155,,16.844919786096256,,1.137265415549598
4,AT,Graz,2020,0.1,8.79240506329114,,17.083544303797467,,1.0227848101265822
5,AT,Graz,2021,0.10000000000000002,9.352442159383033,,18.053984575835475,,1.010025706940874
6,AT,Graz,2022,0.1,6.7101694915254235,,16.579661016949153,35.16019417475728,1.008813559322034
7,AT,Graz,2023,0.1,11.5,,31.0,102.0,1.6
8,AT,Innsbruck,2016,0.10000000000000002,26.183333333333334,,23.166666666666668,,2.8333333333333335
9,AT,Innsbruck,2017,0.1,16.793442622950817,,16.169398907103826,,1.8382716049382717
10,AT,Innsbruck,2018,0.1,15.049999999999999,,15.688524590163935,,1.1128048780487805
11,AT,Innsbruck,2019,0.1,13.808847184986595,,13.691689008042895,,0.9173913043478261
12,AT,Innsbruck,2020,0.1,11.486005089058525,,13.944020356234097,,0.8453488372093023
13,AT,Innsbruck,2021,0.1,10.581491002570694,,14.007712082262211,,0.7942779291553134
14,AT,Innsbruck,2022,0.1,8.569830508474576,,12.440677966101696,,0.7076335877862595
15,AT,Innsbruck,2023,0.1,8.3,,13.0,,0.6
16,AT,Linz,2016,0.10000000000000002,13.233333333333334,,16.666666666666668,50.333333333333336,3.783333333333333
17,AT,Linz,2017,0.1,12.82622950819672,,19.30054644808743,52.92896174863388,1.6781420765027324
18,AT,Linz,2018,0.1,11.260655737704917,,20.666666666666668,55.51912568306011,1.4464480874316938
19,AT,Linz,2019,0.1,10.979514824797844,,16.364383561643837,45.0986301369863,1.8921832884097034
20,AT,Linz,2020,0.1,9.207088607594937,,14.359493670886076,40.28607594936709,1.9344303797468354
21,AT,Linz,2021,0.10000000000000002,9.275578406169666,,15.264781491002571,42.745501285347046,1.9046391752577319
22,AT,Linz,2022,0.1,8.205442176870749,,14.819727891156463,41.255102040816325,1.6180272108843539
23,AT,Linz,2023,0.1,8.7,,53.0,139.0,2.1
24,AT,Salzburg,2016,0.10000000000000002,18.900000000000002,,18.833333333333332,,1.8833333333333335
25,AT,Salzburg,2017,0.1,18.708196721311474,,19.983606557377048,,1.9207650273224044
26,AT,Salzburg,2018,0.1,16.351912568306012,,18.852459016393443,,1.5426229508196723
27,AT,Salzburg,2019,0.09999999999999999,14.919518716577539,,15.141711229946525,,1.6782258064516131
28,AT,Salzburg,2020,0.1,10.821012658227849,,13.197468354430379,,1.4354430379746836
29,AT,Salzburg,2021,0.10000000000000002,11.337532133676094,,13.874035989717223,30.17105263157895,1.5512886597938145
30,AT,Salzburg,2022,0.1,8.380338983050846,,12.31186440677966,35.061016949152545,1.7716723549488056
31,AT,Salzburg,2023,0.1,9.2,,18.0,46.0,0.8
32,AT,Vienna,2016,0.10000000000000002,12.066666666666665,,11.833333333333334,37.0,2.216666666666667
33,AT,Vienna,2017,0.1,10.027868852459015,,20.05464480874317,53.09836065573771,2.6464480874316942
34,AT,Vienna,2018,0.09999999999999999,9.246448087431693,,19.56830601092896,52.82513661202186,2.6540983606557376
35,AT,Vienna,2019,0.1,8.276470588235295,,15.272727272727273,42.68181818181818,1.536631016042781
36,AT,Vienna,2020,0.1,7.342278481012658,,14.51645569620253,39.80506329113924,1.098227848101266
37,AT,Vienna,2021,0.10000000000000002,7.609768637532134,,15.359897172236504,41.46529562982005,1.0326478149100258
38,AT,Vienna,2022,0.1,6.755593220338984,,13.850847457627118,35.21694915254237,1.3135593220338984
39,AT,Vienna,2023,0.1,11.0,,28.0,80.0,1.1
40,BA,Sarajevo,2016,0.10000000000000002,18.933333333333334,7.3,123.33333333333333,,22.53333333333333
41,BA,Sarajevo,2017,0.1,12.331843575418995,21.768156424581004,37.23463687150838,,11.808379888268155
42,BA,Sarajevo,2018,0.12562500000000001,12.154878048780489,10.712195121951218,42.707317073170735,54.8974358974359,9.12439024390244
43,BA,Sarajevo,2019,3.075074183976261,10.095714285714285,22.947863247863246,34.01136363636363,84.82649842271293,8.009943181818182
44,BA,Sarajevo,2020,5.956542056074767,7.210025706940874,17.378030303030304,36.666666666666664,83.83585858585859,11.5451871657754
45,BA,Sarajevo,2021,4.258862876254181,9.663072776280323,17.226954177897575,29.12398921832884,73.51546391752578,10.084813753581662
46,BA,Sarajevo,2022,2.223481781376518,8.978947368421053,22.106072874493925,24.94331983805668,67.0406779661017,5.247368421052631
47,BA,Sarajevo,2023,,,,,185.0,
48,BA,Tuzla,2016,0.1,10.225,7.875,,110.75,28.1
49,BA,Tuzla,2017,0.1,10.07158469945355,9.748633879781421,,110.8688524590164,27.74098360655738
50,BA,Tuzla,2018,0.1,9.869398907103825,9.543715846994536,,99.26229508196721,21.02295081967213
51,BA,Tuzla,2019,0.10137362637362637,9.84945355191257,7.47304347826087,,84.75206611570248,18.272131147540986
52,BA,Tuzla,2020,0.1,8.047979797979798,10.715151515151515,,88.82828282828282,22.28131313131313
53,BA,Tuzla,2021,0.10000000000000002,9.923650385604114,16.14215938303342,32.88306451612903,85.05912596401028,25.224421593830332
54,BA,Tuzla,2022,0.1,8.104794520547944,14.319520547945206,24.91826923076923,60.89383561643836,25.426027397260274
55,BA,Tuzla,2023,0.1,10.8,1.3,,165.0,53.5
56,BA,Zenica,2016,10.0,12.450000000000001,8.766666666666667,83.66666666666667,,52.43333333333334
57,BA,Zenica,2017,3.932584269662921,8.906145251396648,14.74804469273743,46.81005586592179,,28.060893854748603
58,BA,Zenica,2018,5.965476190476191,6.432142857142857,15.168452380952383,38.70238095238095,,26.68452380952381
59,BA,Zenica,2019,5.001420454545454,9.292045454545455,19.211079545454545,38.71509971509972,73.74501992031873,26.857670454545453
60,BA,Zenica,2020,4.623484848484849,11.016962025316456,22.37449494949495,38.59090909090909,76.77941176470588,31.598484848484848
61,BA,Zenica,2021,4.7895161290322585,7.04331550802139,23.11769436997319,35.37801608579088,58.61333333333334,32.798382749326144
62,BA,Zenica,2022,2.506477732793522,6.023886639676114,15.549797570850203,26.57085020242915,48.5609756097561,22.836437246963563
63,BE,Antwerpen,2016,0.10000000000000002,17.566666666666666,5.466666666666668,24.833333333333332,71.83333333333333,1.6000000000000003
64,BE,Antwerpen,2017,0.10000000000000002,13.321311475409837,17.307344632768363,20.939890710382514,55.19672131147541,2.5209944751381217
65,BE,Antwerpen,2018,0.1,11.990163934426228,18.645555555555553,23.081967213114755,53.814207650273225,2.434806629834254
66,BE,Antwerpen,2019,0.1,11.03780160857909,16.782702702702704,19.528150134048257,44.66219839142091,2.74366576819407
67,BE,Antwerpen,2020,0.1,9.06064139941691,18.078614457831325,18.971052631578946,41.03421052631579,3.2482352941176473
68,BE,Antwerpen,2021,0.1,11.147668393782384,19.3,19.84536082474227,46.123711340206185,3.257216494845361
69,BE,Antwerpen,2022,,,,17.22457627118644,34.61864406779661,
70,BE,Brussels,2016,0.10000000000000002,17.5,6.066666666666666,23.666666666666668,68.83333333333333,1.225
71,BE,Brussels,2017,0.1,12.519125683060109,17.48846153846154,19.284153005464482,52.22950819672131,0.897945205479452
72,BE,Brussels,2018,0.09999999999999999,11.231693989071038,18.37486338797814,20.491803278688526,51.90163934426229,1.5782608695652176
73,BE,Brussels,2019,0.1,10.416890080428955,18.09142091152815,16.49597855227882,41.42359249329759,0.9198924731182795
74,BE,Brussels,2020,0.1,7.476384839650146,19.695894428152492,15.673684210526316,36.52105263157895,0.9092307692307692
75,BE,Brussels,2021,0.1,8.283505154639176,21.43575129533679,15.709511568123393,41.3598971722365,0.860989010989011
76,BE,Brussels,2022,,,,14.823529411764707,34.936974789915965,
77,BE,Charleroi,2016,0.10000000000000002,17.5,3.3166666666666664,32.833333333333336,89.66666666666667,1.1
78,BE,Charleroi,2017,0.1,12.101685393258427,17.565697674418605,22.412087912087912,60.17032967032967,0.9944444444444445
79,BE,Charleroi,2018,0.1,10.46502732240437,20.031666666666666,19.338797814207652,45.07103825136612,0.8123893805309734
80,BE,Charleroi,2019,0.09999999999999999,9.81490514905149,17.196703296703298,15.51490514905149,34.96747967479675,0.7411042944785275
81,BE,Charleroi,2020,0.1,7.774052478134111,17.853644314868806,14.139473684210527,30.23746701846966,0.7034482758620689
82,BE,Charleroi,2021,0.1,9.238144329896908,18.36524064171123,14.922480620155039,35.79015544041451,0.6359281437125749
83,BE,Charleroi,2022,,,,13.772151898734178,25.09282700421941,
84,BE,Gent,2016,0.1,16.133333333333333,8.116666666666667,22.666666666666668,67.5,1.1
85,BE,Gent,2017,0.1,11.803825136612021,19.01256830601093,20.726775956284154,54.28415300546448,1.155921052631579
86,BE,Gent,2018,0.1,10.978142076502733,19.75846994535519,23.94535519125683,55.950819672131146,1.2164383561643834
87,BE,Gent,2019,0.1,9.90402144772118,18.968364611260053,20.517426273458444,46.638069705093834,1.455873015873016
88,BE,Gent,2020,0.09999999999999999,7.765597667638484,19.759183673469387,19.028947368421054,41.73947368421052,4.104347826086956
89,BE,Gent,2021,0.1,8.795336787564766,20.255440414507774,19.943298969072163,46.99226804123711,
90,BE,Gent,2022,,,,17.74576271186441,36.19915254237288,
91,BE,Liège,2016,0.10000000000000002,17.583333333333332,4.866666666666666,30.5,84.66666666666667,1.6833333333333336
92,BE,Liège,2017,0.1,11.240437158469945,19.575706214689266,21.40983606557377,57.28415300546448,2.462275449101796
93,BE,Liège,2018,0.1,10.27704918032787,20.983333333333334,19.23497267759563,45.43715846994535,1.0533333333333332
94,BE,Liège,2019,0.1,8.69728997289973,19.20191256830601,14.433604336043361,33.48780487804878,1.300557103064067
95,BE,Liège,2020,0.1,6.929154518950437,19.504956268221573,13.278947368421052,29.66842105263158,1.725147928994083
96,BE,Liège,2021,0.09999999999999999,7.681443298969072,19.78917525773196,14.5968992248062,35.81912144702842,1.4950276243093923
97,BE,Liège,2022,,,,13.253164556962025,25.17721518987342,
98,BE,Namur,2016,,8.733333333333333,6.283333333333334,21.666666666666668,66.83333333333333,
99,BE,Namur,2017,,5.965536723163843,20.251445086705203,17.576923076923077,52.472527472527474,
100,BE,Namur,2018,,5.054237288135593,22.938150289017344,18.34426229508197,45.03846153846154,
101,BE,Namur,2019,,3.8602209944751382,20.636612021857925,13.05420054200542,32.36784741144414,
102,BE,Namur,2020,,4.505830903790088,20.016326530612247,12.089473684210526,27.27659574468085,
103,BE,Namur,2021,,5.5639175257731965,20.757216494845363,13.484455958549223,33.888020833333336,
104,BE,Namur,2022,,,,11.147679324894515,23.294871794871796,
105,BG,Burgas,2016,0.25,32.28333333333333,15.133333333333333,13.166666666666666,,6.5
106,BG,Burgas,2017,0.21,10.708791208791208,22.063736263736264,25.395604395604394,,7.637222222222222
107,BG,Burgas,2018,0.20055865921787708,7.128415300546448,25.037704918032784,22.0,,5.352459016393443
108,BG,Burgas,2019,,6.477567567567567,18.023513513513514,22.218579234972676,,5.985135135135135
109,BG,Burgas,2020,0.1,5.692613636363636,15.584745762711865,25.141242937853107,,7.352542372881357
110,BG,Burgas,2021,0.1,5.771578947368421,18.43,25.33684210526316,,6.13578947368421
111,BG,Burgas,2022,0.1,4.816845878136201,19.805017921146955,22.470149253731343,,5.008602150537635
112,BG,Burgas,2023,,6.4,5.8,,,5.5
113,BG,Plovdiv,2018,,12.648905109489052,21.409160305343512,32.279411764705884,,4.848175182481752
114,BG,Plovdiv,2019,0.1,13.016304347826088,16.96135135135135,32.176151761517616,,5.860810810810811
115,BG,Plovdiv,2020,0.1,11.65925925925926,17.33172804532578,29.646723646723647,2.0,4.056373937677054
116,BG,Plovdiv,2021,0.1,12.974338624338625,17.362864721485412,28.41005291005291,,3.6489417989417987
117,BG,Plovdiv,2022,0.1,1.9049295774647887,17.51654929577465,26.489436619718308,,4.122222222222222
118,BG,Plovdiv,2023,,2.3,1.1,70.0,,
119,BG,Sofia,2016,0.10000000000000002,5.166666666666667,16.933333333333334,16.166666666666668,,1.1666666666666667
120,BG,Sofia,2017,0.11767955801104973,9.701657458563536,21.424309392265194,23.939393939393938,93.00561797752809,1.1591160220994476
121,BG,Sofia,2018,0.10109289617486339,10.89398907103825,18.924043715846995,24.264367816091955,81.28813559322033,1.3299999999999998
122,BG,Sofia,2019,0.1,6.94798927613941,12.775871313672921,27.4,73.67283950617283,
123,BG,Sofia,2020,0.1,5.258333333333334,10.197474747474747,20.81313131313131,,
124,BG,Sofia,2021,0.1,9.290721649484537,19.483505154639175,20.45618556701031,,
125,BG,Sofia,2022,0.1,8.143389830508475,18.2935593220339,21.159322033898306,,
126,BG,Sofia,2023,0.1,13.3,2.8,59.0,,
127,CH,Zürich,2016,,16.349999999999998,4.483333333333333,19.5,3.8,0.78
128,CH,Zürich,2017,,11.19344262295082,19.281967213114754,16.10928961748634,3.3763440860215055,0.7301075268817205
129,CH,Zürich,2018,,9.949726775956284,22.449180327868852,14.797814207650273,2.4124293785310735,0.556497175141243
130,CH,Zürich,2019,,9.551742627345845,18.645308310991958,12.616621983914209,2.2493297587131367,0.41474530831099193
131,CH,Zürich,2020,,8.235606060606061,18.504797979797978,11.505050505050505,2.1399491094147582,0.45594936708860756
132,CH,Zürich,2021,,7.844730077120823,18.079948586118253,11.645244215938304,1.9922480620155039,0.3266839378238342
133,CH,Zürich,2022,,6.813220338983051,20.80033898305085,12.057627118644067,2.027586206896552,0.3
134,CH,Zürich,2023,,8.4,11.9,14.0,3.0,0.6
135,CY,Limassol,2016,4.45,12.049999999999999,17.2,18.0,,1.55
136,CY,Limassol,2017,2.777049180327869,10.319672131147541,24.155191256830598,27.91256830601093,,1.2287292817679558
137,CY,Limassol,2018,3.330054644808743,12.76775956284153,20.611475409836068,32.98360655737705,,1.3873626373626373
138,CY,Limassol,2019,3.325219941348974,11.916184971098266,16.860526315789475,29.559420289855073,,0.9097345132743362
139,CY,Limassol,2020,3.0161616161616163,9.88510101010101,,27.40966921119593,,0.8118987341772151
140,CY,Limassol,2021,3.4198910081743867,10.516348773841962,,28.318801089918257,54.20265780730897,0.6971671388101983
141,CY,Limassol,2022,2.9633898305084747,10.032881355932203,,29.345762711864406,55.21016949152543,0.8129251700680272
142,CY,Limassol,2023,3.7,12.6,,25.0,61.0,1.9
143,CY,Nicosia,2016,5.266666666666667,13.816666666666668,13.366666666666667,27.0,62.5,0.9333333333333332
144,CY,Nicosia,2017,3.241530054644809,9.569398907103825,25.866666666666667,33.48087431693989,60.049180327868854,0.8874316939890711
145,CY,Nicosia,2018,3.068306010928962,8.614207650273224,26.872131147540987,33.84699453551912,54.540983606557376,1.0185792349726777
146,CY,Nicosia,2019,2.922478386167147,10.944956772334294,14.407894736842104,33.3342939481268,63.783861671469744,1.5363112391930835
147,CY,Nicosia,2020,3.0191919191919188,9.107575757575757,,29.90379746835443,57.167088607594934,1.381060606060606
148,CY,Nicosia,2021,2.95858310626703,8.899455040871935,,29.708446866485012,56.92370572207084,1.3318801089918257
149,CY,Nicosia,2022,2.4189830508474577,7.26,,32.525597269624576,60.467576791808874,1.4393220338983053
150,CY,Nicosia,2023,5.7,14.9,,44.0,99.0,2.9
151,CZ,Brno,2016,,11.049999999999999,13.183333333333335,21.5,61.833333333333336,1.75
152,CZ,Brno,2017,,12.204371584699453,21.426775956284153,24.262295081967213,65.81420765027322,2.104945054945055
153,CZ,Brno,2018,,10.419125683060109,20.75846994535519,24.174863387978142,65.73770491803279,2.519125683060109
154,CZ,Brno,2019,,9.659078590785908,20.049051490514906,18.685636856368564,51.929539295392956,2.32445652173913
155,CZ,Brno,2020,,8.747701149425287,18.741091954022988,17.17241379310345,45.497126436781606,2.087278106508876
156,CZ,Brno,2021,,9.206042296072507,19.951963746223566,18.22356495468278,48.21148036253776,2.3595166163141994
157,CZ,Brno,2022,,8.398305084745763,20.108474576271185,17.247457627118646,45.76610169491526,2.5077966101694913
158,CZ,Brno,2023,,7.7,0.9,33.0,96.0,2.2
159,CZ,Olomouc,2016,,10.15,,22.166666666666668,56.0,
160,CZ,Olomouc,2017,,9.897814207650272,,25.14207650273224,65.42622950819673,
161,CZ,Olomouc,2018,,9.489617486338798,33.354,24.027322404371585,65.5464480874317,1.6375
162,CZ,Olomouc,2019,,8.080216802168021,21.356198347107437,19.021680216802167,49.43631436314363,1.6853448275862069
163,CZ,Olomouc,2020,,7.041379310344828,20.343939393939394,16.836206896551722,47.36206896551724,1.6662379421221867
164,CZ,Olomouc,2021,,7.390936555891239,20.13595166163142,18.48942598187311,47.274924471299094,1.6762541806020066
165,CZ,Olomouc,2022,,6.572542372881356,17.926440677966102,17.071186440677966,45.23050847457627,1.510144927536232
166,CZ,Olomouc,2023,,7.7,3.9,37.0,99.0,1.5
167,CZ,Ostrava,2016,,8.183333333333334,15.766666666666666,29.666666666666668,81.33333333333333,4.416666666666667
168,CZ,Ostrava,2017,,9.197267759562841,22.508196721311474,31.098360655737704,82.79234972677595,4.124590163934426
169,CZ,Ostrava,2018,,9.093989071038251,24.350819672131145,30.584699453551913,84.61748633879782,4.876502732240437
170,CZ,Ostrava,2019,,7.680487804878049,21.767479674796746,21.932249322493224,62.36856368563686,3.0574525745257453
171,CZ,Ostrava,2020,,6.242528735632185,21.58390804597701,18.764367816091955,54.87931034482759,2.579022988505747
172,CZ,Ostrava,2021,,6.629305135951662,21.82537764350453,20.05438066465257,56.61933534743203,2.488821752265861
173,CZ,Ostrava,2022,,6.448813559322034,20.478305084745763,20.250847457627117,56.722033898305085,2.56135593220339
174,CZ,Ostrava,2023,,4.4,16.5,16.0,57.0,2.7
175,CZ,Pilsen,2016,,6.766666666666667,12.316666666666668,17.666666666666668,51.833333333333336,3.233333333333333
176,CZ,Pilsen,2017,,8.049726775956284,19.571584699453553,23.207650273224044,64.27322404371584,2.8021857923497264
177,CZ,Pilsen,2018,,7.272131147540984,22.471584699453555,20.420765027322403,59.78688524590164,3.1601092896174863
178,CZ,Pilsen,2019,,7.417615176151761,17.06449864498645,17.281842818428185,45.79132791327913,3.421409214092141
179,CZ,Pilsen,2020,,6.579597701149424,14.335919540229884,15.362068965517242,41.27298850574713,3.098850574712644
180,CZ,Pilsen,2021,,5.925981873111782,15.593051359516616,15.280966767371602,42.468277945619334,3.3302114803625376
181,CZ,Pilsen,2022,,5.53593220338983,20.191525423728812,15.589830508474575,41.75254237288136,2.653220338983051
182,CZ,Pilsen,2023,,6.8,12.2,20.0,55.0,2.6
183,CZ,Prague,2016,,12.1,12.666666666666666,16.833333333333332,46.333333333333336,0.9333333333333332
184,CZ,Prague,2017,,13.362841530054645,21.240437158469945,24.08743169398907,60.37158469945355,2.471584699453552
185,CZ,Prague,2018,,10.977595628415301,23.63551912568306,25.25136612021858,65.14207650273224,3.475
186,CZ,Prague,2019,,10.085054347826087,20.79157608695652,18.24390243902439,46.38211382113821,1.800821917808219
187,CZ,Prague,2020,,7.729310344827587,21.201149425287355,15.568965517241379,39.67528735632184,1.8050595238095237
188,CZ,Prague,2021,,8.249546827794562,20.516012084592145,16.45619335347432,43.105740181268885,1.394920634920635
189,CZ,Prague,2022,,8.256610169491525,20.706101694915255,17.291525423728814,44.779661016949156,1.5847750865051904
190,CZ,Prague,2023,,7.5,15.5,18.0,50.0,0.7
191,DE,Augsburg,2016,0.10000000000000002,12.783333333333333,9.733333333333333,18.5,,16.183333333333334
192,DE,Augsburg,2017,0.1,13.219125683060108,18.974316939890713,20.273224043715846,,15.298907103825135
193,DE,Augsburg,2018,0.1,12.886931818181818,20.668181818181818,19.363128491620113,,6.888652482269503
194,DE,Augsburg,2019,0.09999999999999999,11.827807486631016,19.393565683646113,16.331550802139038,,
195,DE,Augsburg,2020,0.10000000000000002,10.695454545454545,18.524556962025315,14.414141414141413,,
196,DE,Augsburg,2021,0.10000000000000002,10.032647814910025,18.023650385604114,14.197943444730077,,
197,DE,Augsburg,2022,0.1,9.226101694915254,20.389830508474578,13.769491525423728,,
198,DE,Augsburg,2023,0.1,14.7,4.9,20.0,,
199,DE,Berlin,2016,,24.066666666666666,12.633333333333333,20.0,,
200,DE,Berlin,2017,,29.859340659340656,17.95,27.785714285714285,,
201,DE,Berlin,2018,0.1,8.92841530054645,23.72568306010929,22.55191256830601,60.56296296296296,0.5285714285714286
202,DE,Berlin,2019,0.1,11.225133689839572,19.966844919786098,17.946524064171122,44.583333333333336,0.725
203,DE,Berlin,2020,0.1,9.872222222222222,19.765404040404043,16.257575757575758,36.30232558139535,1.0724431818181819
204,DE,Berlin,2021,0.10000000000000002,9.5426735218509,19.344215938303343,17.39331619537275,42.84935064935065,1.2779359430604984
205,DE,Berlin,2022,0.1,8.31322033898305,21.86949152542373,17.115254237288134,43.87457627118644,0.9815789473684212
206,DE,Berlin,2023,0.1,4.4,19.9,21.0,49.0,1.6
207,DE,Darmstadt,2018,,10.6,2.3,13.0,51.0,0.5
208,DE,Darmstadt,2019,,9.944743935309972,18.343396226415095,13.20754716981132,36.105121293800536,0.5897790055248618
209,DE,Darmstadt,2020,,7.747979797979798,19.110353535353536,12.590909090909092,31.866161616161616,0.5307065217391305
210,DE,Darmstadt,2021,0.09999999999999999,8.89642857142857,16.757765667574933,12.517711171662125,34.21525885558583,0.5453488372093023
211,DE,Darmstadt,2022,0.1,,20.13864406779661,12.532203389830508,31.050847457627118,0.6164948453608248
212,DE,Darmstadt,2023,0.1,,13.8,14.0,33.0,0.8
213,DE,Dresden,2016,,11.166666666666666,14.466666666666667,13.5,,2.6666666666666665
214,DE,Dresden,2017,,10.064285714285715,21.623076923076923,20.516483516483518,,1.851123595505618
215,DE,Dresden,2018,,9.256043956043955,22.657692307692308,16.0,,1.481767955801105
216,DE,Dresden,2019,,8.071475409836067,21.397377049180328,13.762820512820513,,1.1777049180327868
217,DE,Dresden,2020,,7.5645244215938305,19.486632390745502,13.446700507614214,,1.0392105263157894
218,DE,Dresden,2021,,7.585347043701799,18.845244215938305,14.290488431876607,36.053811659192824,0.8343243243243242
219,DE,Dresden,2022,,7.1572881355932205,20.79050847457627,14.2,38.26027397260274,0.841296928327645
220,DE,Dresden,2023,,3.3,21.7,14.0,37.0,0.8
221,DE,Düsseldorf,2016,,17.78333333333333,8.933333333333334,21.0,,2.6
222,DE,Düsseldorf,2017,,16.82848101265823,17.989808917197454,20.5126582278481,,4.15
223,DE,Düsseldorf,2018,,14.589502762430937,20.309444444444445,19.425414364640883,,3.572
224,DE,Düsseldorf,2019,,13.704278074866309,19.11604278074866,15.823529411764707,,3.340547945205479
225,DE,Düsseldorf,2020,,11.47878787878788,19.309343434343436,16.017766497461928,32.14598540145985,1.961081081081081
226,DE,Düsseldorf,2021,,11.487660668380462,17.924421593830335,17.681233933161955,39.398395721925134,1.2339522546419097
227,DE,Düsseldorf,2022,,10.293559322033898,20.450169491525426,16.579661016949153,35.60689655172414,1.665068493150685
228,DE,Düsseldorf,2023,,6.0,22.4,20.0,27.0,1.3
229,DE,Freiburg,2016,,12.166666666666666,26.650000000000002,16.833333333333332,,1.475
230,DE,Freiburg,2017,,5.524175824175824,30.83131868131868,14.664835164835164,,0.9703703703703704
231,DE,Freiburg,2018,,4.692349726775957,29.901092896174863,11.456043956043956,48.0,0.9750000000000001
232,DE,Freiburg,2019,,7.636898395721925,27.815240641711227,10.732620320855615,29.836898395721924,
233,DE,Freiburg,2020,,6.233585858585859,26.603535353535353,10.767676767676768,28.51010101010101,
234,DE,Freiburg,2021,,6.585089974293059,26.138560411311055,9.992287917737789,27.61439588688946,
235,DE,Freiburg,2022,,6.66,29.250847457627117,11.36949152542373,28.359322033898305,
236,DE,Freiburg,2023,,9.2,23.2,13.0,44.0,
237,DE,Hamburg,2016,0.10000000000000002,12.316666666666668,17.650000000000002,17.166666666666668,42.5,2.4333333333333336
238,DE,Hamburg,2017,0.1,11.549726775956284,19.0879781420765,17.950819672131146,51.51912568306011,3.093296089385475
239,DE,Hamburg,2018,0.1,10.709836065573771,22.0551912568306,19.808743169398905,50.84699453551912,2.595054945054945
240,DE,Hamburg,2019,0.1,12.575935828877004,19.042513368983958,17.3475935828877,42.88770053475936,2.1688172043010754
241,DE,Hamburg,2020,0.1,10.750757575757577,18.65580808080808,14.977272727272727,38.58838383838384,2.178061224489796
242,DE,Hamburg,2021,0.10000000000000002,10.539845758354756,19.531105398457584,15.226221079691516,39.18508997429306,2.030628272251309
243,DE,Hamburg,2022,0.1,9.656949152542374,20.91050847457627,14.206779661016949,38.362711864406776,1.871331058020478
244,DE,Hamburg,2023,0.1,4.6,25.6,14.0,57.0,1.6
245,DE,Hannover,2016,0.1,12.616666666666667,,16.166666666666668,,
246,DE,Hannover,2017,0.1,12.52295081967213,,19.03846153846154,,
247,DE,Hannover,2018,0.1,11.733879781420766,,19.10928961748634,,
248,DE,Hannover,2019,0.1,9.96505376344086,,15.301075268817204,,
249,DE,Hannover,2020,0.1,8.679088471849866,14.637037037037038,13.571428571428571,,
250,DE,Hannover,2021,0.10000000000000002,8.934190231362468,20.11491002570694,14.293814432989691,,
251,DE,Hannover,2022,0.1,8.103050847457627,22.93457627118644,14.322033898305085,,
252,DE,Hannover,2023,,3.2,24.8,12.0,,
253,DE,Karlsruhe,2016,0.10000000000000002,14.433333333333332,7.433333333333334,20.166666666666668,,1.4333333333333336
254,DE,Karlsruhe,2017,0.1,9.725136612021858,22.904918032786888,19.16393442622951,,1.4184357541899442
255,DE,Karlsruhe,2018,0.09999999999999999,8.573224043715847,22.347540983606557,15.939890710382514,53.0,1.2571428571428571
256,DE,Karlsruhe,2019,0.1,10.148395721925134,18.84919786096257,13.788770053475936,37.68716577540107,0.6542168674698795
257,DE,Karlsruhe,2020,,8.571464646464648,20.413636363636364,13.25,34.73989898989899,
258,DE,Karlsruhe,2021,,8.479691516709511,17.603341902313623,13.007712082262211,36.70179948586118,
259,DE,Karlsruhe,2022,,7.530508474576271,22.417627118644067,13.579661016949153,34.11186440677966,
260,DE,Karlsruhe,2023,,6.0,19.1,12.0,40.0,
261,DE,Kassel,2018,,12.1,18.6,14.0,25.0,0.5
262,DE,Kassel,2019,,11.4088948787062,19.777358490566037,16.237196765498652,32.44444444444444,0.5319767441860465
263,DE,Kassel,2020,,9.323989898989899,19.285384615384615,14.924242424242424,28.347480106100797,0.5305295950155764
264,DE,Kassel,2021,0.09999999999999999,8.503571428571428,19.515531335149863,14.697547683923705,31.023598820058996,0.5057627118644067
265,DE,Kassel,2022,0.1,,21.53830508474576,14.288135593220339,35.49491525423729,0.7719230769230769
266,DE,Kassel,2023,0.1,,17.9,12.0,35.0,0.5
267,DE,Köln,2016,,17.183333333333334,7.483333333333334,21.5,,2.6
268,DE,Köln,2017,,15.85253164556962,17.446835443037973,20.196202531645568,,3.1454545454545455
269,DE,Köln,2018,,13.723204419889504,19.91,19.12154696132597,,2.72280701754386
270,DE,Köln,2019,,12.613368983957217,18.04197860962567,15.723118279569892,,3.888888888888889
271,DE,Köln,2020,,10.401010101010101,19.089141414141416,14.488549618320612,32.07971014492754,
272,DE,Köln,2021,,10.739074550128535,17.479434447300772,15.788659793814434,38.18983957219251,
273,DE,Köln,2022,,9.607457627118643,20.54237288135593,15.31186440677966,33.0448275862069,
274,DE,Köln,2023,,5.9,22.0,17.0,20.0,
275,DE,Mainz,2016,0.10000000000000002,19.7,9.816666666666666,21.5,49.666666666666664,0.9333333333333335
276,DE,Mainz,2017,0.1,20.94808743169399,22.165079365079368,20.56830601092896,49.91803278688525,1.1826771653543309
277,DE,Mainz,2018,0.09999999999999999,18.55934065934066,28.335416666666664,19.47252747252747,45.5989010989011,0.9830645161290323
278,DE,Mainz,2019,0.1,14.66741573033708,23.001204819277106,17.244147157190636,40.22727272727273,0.6581395348837209
279,DE,Mainz,2020,,,,16.33080808080808,,
280,DE,Mainz,2021,,,,15.54089709762533,,
281,DE,Mainz,2022,,,,14.58703071672355,,
282,DE,Mainz,2023,,,,20.0,,
283,DE,Munich,2016,0.10000000000000002,15.75,12.183333333333335,18.0,,21.566666666666666
284,DE,Munich,2017,0.1,14.063934426229507,20.831693989071038,23.48633879781421,,20.066120218579236
285,DE,Munich,2018,0.1,14.835227272727273,21.344886363636363,18.139664804469273,,8.280147058823529
286,DE,Munich,2019,0.1,14.495989304812834,19.070320855614973,15.20053475935829,,
287,DE,Munich,2020,0.1,12.015656565656565,18.97020202020202,14.25,,
288,DE,Munich,2021,0.1,11.118251928020566,19.017994858611825,14.326478149100257,,
289,DE,Munich,2022,0.1,10.40135593220339,21.15728813559322,13.722033898305085,,
290,DE,Munich,2023,0.1,12.8,10.2,19.0,,
291,DE,Münster,2016,,17.95,9.183333333333334,22.166666666666668,,
292,DE,Münster,2017,,13.95253164556962,19.28717948717949,21.493589743589745,,
293,DE,Münster,2018,,11.622651933701656,22.81542857142857,22.049723756906076,,2.6
294,DE,Münster,2019,,11.474064171122995,20.61260053619303,17.213513513513515,,2.783823529411765
295,DE,Münster,2020,,9.361616161616162,19.85645569620253,17.098984771573605,,2.92258064516129
296,DE,Münster,2021,,9.336760925449871,18.94355670103093,17.460154241645245,36.86742424242424,
297,DE,Münster,2022,,8.004745762711865,21.667010309278353,17.325423728813558,34.69204152249135,
298,DE,Münster,2023,,3.7,22.0,20.0,27.0,
299,DE,Potsdam,2018,0.09999999999999999,9.13224043715847,25.07377049180328,20.688524590163933,56.49285714285714,0.923972602739726
300,DE,Potsdam,2019,0.1,8.417914438502674,22.02192513368984,15.622994652406417,42.683646112600535,1.039835164835165
301,DE,Potsdam,2020,0.1,7.751515151515151,23.217424242424244,13.974747474747474,35.63049095607235,1.1910761154855642
302,DE,Potsdam,2021,0.1,7.445219638242895,22.577002583979326,14.75452196382429,40.62402088772846,1.3032608695652175
303,DE,Potsdam,2022,0.1,7.150508474576272,25.327457627118644,13.471186440677966,36.6406779661017,0.932116788321168
304,DE,Potsdam,2023,0.1,4.2,22.8,13.0,38.0,0.6
305,DE,Stuttgart,2016,,17.95,6.833333333333333,23.666666666666668,,1.2666666666666668
306,DE,Stuttgart,2017,,11.551098901098902,24.4010989010989,19.86813186813187,,1.2666666666666668
307,DE,Stuttgart,2018,,10.733879781420764,22.498907103825136,16.311475409836067,35.0,
308,DE,Stuttgart,2019,,13.47860962566845,19.40080213903743,15.705882352941176,40.211229946524064,
309,DE,Stuttgart,2020,,11.118939393939394,20.07348484848485,15.391414141414142,37.83838383838384,
310,DE,Stuttgart,2021,,10.62107969151671,18.466066838046274,14.511568123393316,37.84575835475579,
311,DE,Stuttgart,2022,,9.70271186440678,19.25864406779661,14.884745762711864,36.85084745762712,
312,DE,Stuttgart,2023,,10.6,10.2,28.0,83.0,
313,DE,Wiesbaden,2016,0.10000000000000002,13.216666666666667,9.816666666666666,19.333333333333332,,0.7666666666666666
314,DE,Wiesbaden,2017,0.1,15.191803278688525,17.949723756906078,17.240437158469945,,1.1193798449612404
315,DE,Wiesbaden,2018,0.09999999999999999,14.025136612021857,20.25136612021858,15.92896174863388,50.0,1.004724409448819
316,DE,Wiesbaden,2019,0.1,14.388203753351206,18.251206434316355,13.649732620320856,36.99195710455764,0.5714285714285714
317,DE,Wiesbaden,2020,,12.048737373737374,18.613383838383836,13.295454545454545,34.542929292929294,0.5461095100864554
318,DE,Wiesbaden,2021,0.09999999999999999,12.278571428571428,16.365940054495912,13.390745501285346,36.86103542234333,0.5303405572755419
319,DE,Wiesbaden,2022,0.1,,19.978305084745763,12.72542372881356,32.179661016949154,0.5109929078014184
320,DE,Wiesbaden,2023,0.1,,5.9,22.0,56.0,0.9
321,DK,Copenhagen,2016,2.0,5.066666666666666,18.900000000000002,25.5,47.833333333333336,0.6000000000000001
322,DK,Copenhagen,2017,2.567948717948718,10.423076923076923,17.106410256410257,22.705128205128204,46.23076923076923,0.873076923076923
323,DK,Copenhagen,2018,2.1459016393442623,8.734972677595628,23.405464480874315,27.78688524590164,47.25414364640884,0.6666666666666666
324,DK,Copenhagen,2019,2.3424148606811146,7.78235294117647,21.90123839009288,21.597523219814242,37.471875,0.5040247678018576
325,DK,Copenhagen,2020,1.8979746835443039,6.127525252525253,22.336111111111112,18.890862944162436,34.266497461928935,0.46035805626598464
326,DK,Copenhagen,2021,2.0159383033419025,6.111053984575835,22.05886889460154,19.567010309278352,33.18814432989691,0.3844559585492228
327,DK,Copenhagen,2022,1.6233898305084744,5.765423728813559,23.278305084745764,19.725085910652922,31.017921146953405,0.28466898954703834
328,DK,Copenhagen,2023,1.3,3.0,23.7,20.0,49.0,0.1
329,EE,Tallinn,2017,,4.186624203821656,23.896815286624204,10.668789808917197,24.88535031847134,0.34585987261146495
330,EE,Tallinn,2018,,5.566666666666666,24.41639344262295,14.256830601092895,33.69398907103825,0.49548022598870056
331,EE,Tallinn,2019,,4.919839142091153,21.455764075067023,9.95710455764075,19.32608695652174,0.3292225201072386
332,EE,Tallinn,2020,,3.822222222222222,20.899242424242424,10.906565656565656,17.96446700507614,0.29494949494949496
333,EE,Tallinn,2021,,4.733161953727507,21.374807197943444,10.313624678663238,23.547557840616967,0.36478149100257073
334,EE,Tallinn,2022,,4.244067796610169,20.324745762711864,10.72542372881356,18.722033898305085,0.29152542372881357
335,EE,Tallinn,2023,,3.6,21.2,8.0,19.0,0.6
336,ES,Barcelona,2016,,24.433333333333334,1.9333333333333336,25.333333333333332,,
337,ES,Barcelona,2017,,17.099447513812155,18.597237569060773,22.906077348066297,,
338,ES,Barcelona,2018,,16.38121546961326,19.89779005524862,20.094972067039105,,1.2078014184397163
339,ES,Barcelona,2019,0.1,15.06461126005362,20.093833780160857,22.274193548387096,,1.1905405405405407
340,ES,Barcelona,2020,0.1,11.427020202020202,21.101515151515155,20.242424242424242,,1.0431818181818182
341,ES,Barcelona,2021,0.10000000000000002,11.454498714652956,21.051156812339332,22.370179948586117,34.958333333333336,1.0473007712082263
342,ES,Barcelona,2022,0.1,11.740338983050847,22.82779661016949,24.122033898305084,42.083333333333336,1.1050847457627118
343,ES,Barcelona,2023,0.1,16.5,4.5,27.0,55.0,2.1
344,ES,Bilbao,2016,0.1,13.2,6.720000000000001,14.8,46.8,2.9
345,ES,Bilbao,2017,0.1,8.395027624309392,22.596685082872927,16.12154696132597,41.07734806629834,2.41767955801105
346,ES,Bilbao,2018,0.1,7.5076923076923086,23.942857142857147,14.401098901098901,36.05494505494506,2.374175824175824
347,ES,Bilbao,2019,0.1,7.415549597855228,21.965951742627343,15.20911528150134,37.84450402144772,2.650402144772118
348,ES,Bilbao,2020,0.1,5.858481012658228,20.991139240506328,13.362025316455696,34.643037974683544,2.6468354430379746
349,ES,Bilbao,2021,0.10000000000000002,5.9946015424164525,21.40745501285347,14.467866323907455,37.886889460154244,2.4372750642673524
350,ES,Bilbao,2022,0.1,5.690169491525423,22.451864406779663,15.932203389830509,38.227118644067794,2.4389830508474577
351,ES,Bilbao,2023,0.1,1.9,29.7,18.0,34.0,2.1
352,ES,Burgos,2016,0.10000000000000002,7.3500000000000005,6.283333333333334,8.5,23.166666666666668,0.9333333333333335
353,ES,Burgos,2017,0.09999999999999999,5.157777777777778,16.891111111111112,9.333333333333334,27.26086956521739,2.1555555555555554
354,ES,Burgos,2018,0.1,5.151851851851852,27.82170542635659,11.401515151515152,23.21951219512195,2.0734848484848483
355,ES,Burgos,2019,0.1,4.865498652291105,27.444021739130434,14.55256064690027,23.557951482479783,1.9677506775067752
356,ES,Burgos,2020,0.1,4.389646464646464,26.328172588832487,11.931818181818182,26.436548223350254,2.3070707070707073
357,ES,Burgos,2021,0.1,4.711979166666667,26.078740157480315,12.5859375,24.606299212598426,2.9441253263707567
358,ES,Burgos,2022,0.1,4.589830508474576,27.36109215017065,13.552542372881357,24.242214532871973,2.0098305084745762
359,ES,Burgos,2023,,1.0,28.1,16.0,,1.1
360,ES,Castelló de la Plana,2016,0.10000000000000002,5.45,15.35,7.166666666666667,23.166666666666668,2.6833333333333336
361,ES,Castelló de la Plana,2017,0.1,5.3549999999999995,28.63,8.622222222222222,24.92222222222222,2.9538888888888892
362,ES,Castelló de la Plana,2018,0.1,6.213736263736264,27.519780219780223,10.137362637362637,29.543956043956044,2.8560439560439557
363,ES,Castelló de la Plana,2019,0.1,6.215426997245179,28.165573770491804,10.522099447513812,28.37533512064343,2.269832402234637
364,ES,Castelló de la Plana,2020,0.1,5.539402173913044,25.595923913043475,8.144021739130435,22.661458333333332,2.618457300275482
365,ES,Castelló de la Plana,2021,0.1,5.129973474801061,24.09840848806366,7.952254641909814,21.010610079575596,2.8611413043478264
366,ES,Castelló de la Plana,2022,0.1,4.0034246575342465,24.475342465753425,8.82876712328767,19.801369863013697,2.9369718309859154
367,ES,Castelló de la Plana,2023,,2.3,14.3,6.0,25.0,1.6
368,ES,Córdoba,2016,4.266666666666667,11.299999999999999,6.6000000000000005,23.666666666666668,,3.766666666666667
369,ES,Córdoba,2017,,5.5,7.4,38.0,,1.6
370,ES,Córdoba,2018,3.158720930232558,7.3888268156424575,23.758100558659216,17.36842105263158,,2.6268156424581006
371,ES,Córdoba,2019,2.7222222222222223,7.0307277628032345,23.89918918918919,20.15135135135135,,1.964420485175202
372,ES,Córdoba,2020,3.1207070707070708,5.470454545454546,22.26439393939394,18.529262086513995,,1.3366161616161616
373,ES,Córdoba,2021,1.5650259067357513,5.7950904392764855,22.071243523316063,20.801033591731265,,1.4130208333333334
374,ES,Córdoba,2022,0.1,5.6938775510204085,29.47380952380952,26.5578231292517,47.8041237113402,1.3354948805460751
375,ES,Córdoba,2023,,5.5,12.5,32.0,71.0,1.6
376,ES,Donostia / San Sebastián,2016,0.1,13.940000000000001,8.44,17.4,49.0,1.5
377,ES,Donostia / San Sebastián,2017,0.1,9.586740331491713,27.27845303867403,15.32596685082873,35.72375690607735,1.5530386740331492
378,ES,Donostia / San Sebastián,2018,0.1,9.157692307692308,30.017032967032968,14.258241758241759,33.76373626373626,2.056043956043956
379,ES,Donostia / San Sebastián,2019,0.1,8.806166219839142,25.53672922252011,15.013404825737265,36.05361930294906,1.5310991957104558
380,ES,Donostia / San Sebastián,2020,0.1,7.258987341772152,23.068101265822783,13.69620253164557,29.50379746835443,1.4632911392405064
381,ES,Donostia / San Sebastián,2021,0.10000000000000002,7.197686375321337,24.407969151670954,14.066838046272494,33.38046272493573,1.5025706940874035
382,ES,Donostia / San Sebastián,2022,0.1,5.814237288135593,25.16237288135593,14.610169491525424,31.996610169491525,1.5305084745762711
383,ES,Donostia / San Sebastián,2023,0.1,3.2,28.5,15.0,30.0,1.6
384,ES,Gasteiz / Vitoria,2016,0.1,13.2,,12.2,37.0,1.975
385,ES,Gasteiz / Vitoria,2017,0.1,10.42707182320442,,14.425414364640885,35.767955801104975,1.87734375
386,ES,Gasteiz / Vitoria,2018,0.1,9.11043956043956,4.5,12.593406593406593,33.07142857142857,0.9194690265486726
387,ES,Gasteiz / Vitoria,2019,0.1,8.515817694369973,27.112228260869564,14.316353887399464,35.833780160857906,1.423372781065089
388,ES,Gasteiz / Vitoria,2020,0.1,6.562784810126582,24.526912928759895,12.124050632911393,31.59240506329114,1.5517543859649123
389,ES,Gasteiz / Vitoria,2021,0.10000000000000002,6.65064267352185,26.2465564738292,12.604113110539846,34.52442159383033,1.3426900584795323
390,ES,Gasteiz / Vitoria,2022,0.1,5.4135593220338984,30.236612021857926,13.372881355932204,38.14915254237288,1.3875939849624062
391,ES,Gasteiz / Vitoria,2023,0.1,3.2,,14.0,42.0,1.6
392,ES,Granada,2016,4.033333333333333,23.849999999999998,5.016666666666667,32.833333333333336,,4.766666666666667
393,ES,Granada,2017,7.0,19.2,3.3,42.0,,4.1
394,ES,Granada,2018,2.15906432748538,12.846368715083798,24.201675977653633,21.44943820224719,,2.7731843575418993
395,ES,Granada,2019,1.8784090909090911,12.105367231638418,21.572881355932203,26.24929178470255,,2.222096317280453
396,ES,Granada,2020,2.529040404040404,11.06388888888889,18.345454545454547,22.3873417721519,,2.6744949494949495
397,ES,Granada,2021,0.9395348837209303,8.789664082687338,21.10699481865285,25.281653746770026,47.403361344537814,2.9718346253229972
398,ES,Granada,2022,0.1,9.30748299319728,26.90986394557823,30.51360544217687,46.62925170068027,3.7279863481228666
399,ES,Granada,2023,,23.8,8.9,62.0,101.0,3.6
400,ES,Huelva,2016,4.216666666666666,8.733333333333333,17.683333333333334,22.0,,3.3000000000000003
401,ES,Huelva,2017,5.1,10.6,10.2,28.0,,2.1
402,ES,Huelva,2018,4.827325581395349,4.350561797752809,28.59550561797753,19.694915254237287,,2.837078651685393
403,ES,Huelva,2019,5.021621621621621,5.108355795148248,26.582972972972975,20.859838274932613,,2.2495956873315364
404,ES,Huelva,2020,3.1946969696969694,4.27979797979798,25.272979797979797,19.603535353535353,,2.16489898989899
405,ES,Huelva,2021,0.9992248062015504,4.525839793281654,25.252331606217616,17.266149870801033,32.88702928870293,2.1454780361757106
406,ES,Huelva,2022,0.1,4.533333333333333,28.3952380952381,22.374149659863946,33.826530612244895,2.8448979591836734
407,ES,Huelva,2023,,5.1,19.1,31.0,66.0,3.6
408,ES,Las Palmas de Gran Canaria,2016,,4.616666666666666,27.266666666666666,49.333333333333336,66.16666666666667,2.85
409,ES,Las Palmas de Gran Canaria,2017,,3.8183544303797468,28.922292993630574,23.31645569620253,39.58860759493671,2.6822784810126583
410,ES,Las Palmas de Gran Canaria,2018,,3.916,29.261142857142858,18.17816091954023,26.8546511627907,1.9238636363636366
411,ES,Las Palmas de Gran Canaria,2019,0.1,3.8597826086956526,27.140760869565216,21.975675675675674,33.16486486486487,2.132608695652174
412,ES,Las Palmas de Gran Canaria,2020,0.11174934725848565,4.258031088082902,25.371354166666666,25.305699481865286,31.87728459530026,2.079328165374677
413,ES,Las Palmas de Gran Canaria,2021,0.1,4.358421052631579,26.30392670157068,22.753280839895012,31.753280839895012,2.66745406824147
414,ES,Las Palmas de Gran Canaria,2022,0.1,4.4,25.15204081632653,23.06122448979592,26.06122448979592,2.275767918088737
415,ES,Las Palmas de Gran Canaria,2023,0.1,5.1,22.0,52.0,61.0,1.1
416,ES,Madrid,2016,0.10000000000000002,31.566666666666666,2.766666666666667,23.333333333333332,63.0,4.85
417,ES,Madrid,2017,0.1,16.959562841530055,20.653005464480874,15.431693989071038,37.33879781420765,2.4128491620111734
418,ES,Madrid,2018,0.1,16.237158469945356,21.97103825136612,12.726775956284152,34.91803278688525,2.219889502762431
419,ES,Madrid,2019,0.10000000000000002,14.846112600536195,21.242627345844504,17.211796246648795,38.525469168900806,4.277868852459017
420,ES,Madrid,2020,0.1,12.163383838383838,20.99090909090909,15.391414141414142,38.91919191919192,2.6215189873417724
421,ES,Madrid,2021,0.1,12.676863753213368,22.182262210796914,16.804627249357328,38.95629820051414,2.0628571428571427
422,ES,Madrid,2022,0.1,10.975254237288135,24.88169491525424,20.1864406779661,39.53220338983051,1.6074626865671642
423,ES,Madrid,2023,0.1,16.0,8.5,22.0,53.0,1.6
424,ES,Murcia,2018,0.1,12.21340782122905,25.32067039106145,15.268156424581006,,2.1307262569832406
425,ES,Murcia,2019,0.1,11.501876675603217,19.257372654155496,21.83783783783784,,1.7458333333333333
426,ES,Murcia,2020,0.1,9.901515151515152,18.45277777777778,21.03030303030303,,2.4512626262626265
427,ES,Murcia,2021,0.1,6.814910025706941,20.398457583547557,23.26478149100257,,3.2737789203084833
428,ES,Murcia,2022,0.1,6.819322033898305,21.376949152542373,23.538983050847456,,2.658391608391608
429,ES,Murcia,2023,0.1,12.2,8.6,46.0,,1.1
430,ES,Málaga,2016,4.033333333333333,9.816666666666668,21.916666666666668,18.166666666666668,,3.6333333333333333
431,ES,Málaga,2017,4.1,5.1,32.5,,,
432,ES,Málaga,2018,2.6901162790697675,5.857865168539326,29.493820224719098,17.288235294117648,,3.1196629213483145
433,ES,Málaga,2019,2.612162162162162,6.574932614555257,27.94636118598383,21.57027027027027,,3.9919137466307277
434,ES,Málaga,2020,2.2777777777777777,5.588636363636364,27.920454545454547,18.796875,,2.8967171717171714
435,ES,Málaga,2021,1.4625322997416021,5.5093023255813955,28.14326424870466,19.188630490956072,55.273109243697476,2.1409326424870465
436,ES,Málaga,2022,0.1,7.3309523809523816,30.00918367346939,23.071428571428573,43.0578231292517,2.213013698630137
437,ES,Málaga,2023,,9.2,16.6,40.0,80.0,2.6
438,ES,Oviedo,2016,0.10000000000000002,10.65,3.4,30.833333333333332,74.33333333333333,3.533333333333333
439,ES,Oviedo,2017,0.1,7.636612021857924,16.0224043715847,23.02185792349727,55.814207650273225,3.0797814207650274
440,ES,Oviedo,2018,0.1,6.362841530054645,19.583060109289615,17.3551912568306,36.58469945355191,3.066120218579235
441,ES,Oviedo,2019,0.1,6.564075067024129,19.15656836461126,18.396782841823057,47.120643431635386,2.696514745308311
442,ES,Oviedo,2020,0.1,5.154133333333333,17.787466666666667,17.018666666666668,34.794666666666664,2.676
443,ES,Oviedo,2021,0.1,5.3512886597938145,18.16082474226804,18.354755784061698,33.74807197943445,2.523650385604113
444,ES,Oviedo,2022,0.1,5.0379661016949155,18.12813559322034,19.02033898305085,36.69830508474576,2.2972881355932206
445,ES,Oviedo,2023,0.1,4.3,22.4,18.0,25.0,2.1
446,ES,Palma,2018,,4.415942028985507,32.68705035971223,17.766423357664234,26.615384615384617,1.1384057971014492
447,ES,Palma,2019,4.214285714285714,6.396174863387978,28.01666666666667,21.630555555555556,32.65217391304348,1.2978082191780822
448,ES,Palma,2020,3.5209944751381212,3.167724867724868,29.42315789473684,15.653439153439153,25.060606060606062,1.5484126984126987
449,ES,Palma,2021,3.3356568364611263,3.8111405835543763,29.231117021276596,16.594164456233422,27.746753246753247,1.3055702917771883
450,ES,Palma,2022,2.8405405405405406,5.1307167235494875,28.737201365187712,17.150170648464165,43.51712328767123,1.670307167235495
451,ES,Palma,2023,,9.2,14.3,32.0,42.0,0.8
452,ES,Pamplona,2016,,13.533333333333331,2.3666666666666667,17.0,,1.6833333333333336
453,ES,Pamplona,2017,,9.943169398907104,21.62513661202186,14.666666666666666,,2.2830601092896177
454,ES,Pamplona,2018,,9.597814207650273,18.54207650273224,13.693989071038251,,2.0704918032786885
455,ES,Pamplona,2019,0.1,9.24794952681388,18.8198738170347,14.185303514376997,,1.8316455696202534
456,ES,Pamplona,2020,0.1,7.541666666666667,18.536616161616163,12.462121212121213,,2.1475578406169666
457,ES,Pamplona,2021,0.1,6.786632390745501,21.013178294573645,13.547557840616967,,2.1329896907216495
458,ES,Pamplona,2022,0.1,6.229152542372881,18.078082191780823,14.803389830508475,,2.005574912891986
459,ES,Pamplona,2023,0.1,5.1,15.1,12.0,,0.6
460,ES,Salamanca,2016,0.10000000000000002,5.8999999999999995,5.783333333333332,12.166666666666666,23.0,1.6833333333333333
461,ES,Salamanca,2017,0.1,4.226666666666667,15.051111111111112,13.577777777777778,25.0,2.066666666666667
462,ES,Salamanca,2018,,3.1533834586466165,30.04725274725275,15.171641791044776,,1.165891472868217
463,ES,Salamanca,2019,0.1,4.424797843665768,25.309192200557103,16.735849056603772,19.65,1.5716981132075472
464,ES,Salamanca,2020,,4.270959595959596,23.96969696969697,13.48989898989899,22.260759493670886,1.7618556701030927
465,ES,Salamanca,2021,0.1,4.9453125,25.090885416666666,12.541666666666666,28.739583333333332,1.96631299734748
466,ES,Salamanca,2022,0.1,3.7542372881355934,24.82,17.976271186440677,29.64406779661017,1.6142372881355933
467,ES,Salamanca,2023,,0.5,27.3,15.0,34.0,2.6
468,ES,Santa Cruz de Tenerife,2016,,7.75,24.416666666666668,57.833333333333336,73.5,1.8500000000000003
469,ES,Santa Cruz de Tenerife,2017,,6.222292993630573,25.836305732484078,21.681528662420384,35.17197452229299,2.580891719745223
470,ES,Santa Cruz de Tenerife,2018,,4.765142857142857,27.42685714285714,15.82183908045977,24.63372093023256,2.6485714285714286
471,ES,Santa Cruz de Tenerife,2019,0.1,5.160975609756098,25.514363143631435,21.56756756756757,33.19189189189189,3.366937669376694
472,ES,Santa Cruz de Tenerife,2020,0.1,4.467875647668394,24.265625,20.844559585492227,29.60313315926893,2.491472868217054
473,ES,Santa Cruz de Tenerife,2021,0.1,4.053421052631579,25.004188481675392,20.086614173228348,31.448818897637796,2.6144356955380577
474,ES,Santa Cruz de Tenerife,2022,0.1,3.9617747440273035,24.00578231292517,21.38095238095238,32.43877551020408,2.332081911262799
475,ES,Santa Cruz de Tenerife,2023,0.1,5.5,18.7,53.0,82.0,2.1
476,ES,Santander,2016,0.10000000000000002,12.366666666666667,6.166666666666667,33.0,,1.7666666666666666
477,ES,Santander,2017,0.1,9.302185792349727,17.611475409836068,23.202185792349727,,1.2226415094339622
478,ES,Santander,2018,0.1,6.986666666666666,26.329444444444444,19.622222222222224,,1.1134969325153374
479,ES,Santander,2019,0.1,6.7924528301886795,19.745013477088946,21.409703504043126,,1.4052924791086352
480,ES,Santander,2020,0.1,5.226010101010101,18.862373737373737,19.593434343434343,,1.3889880952380953
481,ES,Santander,2021,0.1,5.165889212827989,18.644606413994172,18.02915451895044,,1.0715254237288137
482,ES,Santander,2022,0.1,5.543050847457628,20.942033898305084,16.647457627118644,,0.9307086614173229
483,ES,Santander,2023,0.1,2.8,22.0,18.0,,0.6
484,ES,Sevilla,2016,3.1999999999999997,10.533333333333333,11.700000000000001,22.5,,3.0666666666666664
485,ES,Sevilla,2017,3.2,9.2,7.4,32.0,,2.1
486,ES,Sevilla,2018,3.479651162790698,7.084831460674157,25.714606741573032,18.01129943502825,,2.5657303370786515
487,ES,Sevilla,2019,3.5547425474254744,6.891644204851753,22.367924528301888,20.356756756756756,,2.237466307277628
488,ES,Sevilla,2020,3.5386363636363636,5.762626262626263,21.893939393939394,17.088383838383837,,2.08989898989899
489,ES,Sevilla,2021,1.3762273901808786,5.530490956072352,21.57383419689119,21.093023255813954,42.426160337552744,2.7731266149870804
490,ES,Sevilla,2022,0.1,6.139115646258504,25.875170068027213,26.047619047619047,42.833333333333336,2.043877551020408
491,ES,Sevilla,2023,,8.7,9.9,42.0,72.0,2.1
492,ES,Valencia,2016,0.10000000000000002,13.316666666666668,5.183333333333333,12.0,41.833333333333336,1.8500000000000003
493,ES,Valencia,2017,0.1,11.004972375690608,21.131491712707184,10.502762430939226,31.906077348066297,2.1564971751412427
494,ES,Valencia,2018,0.1,9.64010989010989,25.06923076923077,17.736263736263737,46.082417582417584,2.1532967032967036
495,ES,Valencia,2019,0.09999999999999999,7.982191780821918,22.154246575342466,17.320441988950275,49.35388739946381,2.143013698630137
496,ES,Valencia,2020,0.1,6.002452316076295,21.30299727520436,12.588555858310627,37.63446475195823,2.0904371584699453
497,ES,Valencia,2021,0.1,5.217553191489362,22.180585106382978,11.920212765957446,34.77127659574468,2.1066666666666665
498,ES,Valencia,2022,0.1,5.211301369863014,22.537328767123288,12.917808219178083,36.284246575342465,1.9767123287671235
499,ES,Valencia,2023,,6.0,9.4,17.0,53.0,2.1
500,ES,Valladolid,2018,0.1,7.151515151515151,,19.257575757575758,,
501,ES,Valladolid,2019,0.1,7.349019607843138,21.211675126903554,14.132352941176471,42.58910891089109,3.543783783783784
502,ES,Valladolid,2020,0.1,6.668766404199475,20.182142857142857,13.55,40.1972972972973,2.8125
503,ES,Valladolid,2021,0.1,10.349863760217984,20.068,15.125340599455042,37.04788732394366,3.15225988700565
504,ES,Valladolid,2022,0.10000000000000002,6.768941979522184,27.96896551724138,13.535836177474403,43.6551724137931,2.348
505,ES,Valladolid,2023,,1.9,,12.0,30.0,1.1
506,ES,Zaragoza,2019,1.8374269005847952,8.926900584795321,16.90175438596491,9.216374269005849,,2.057894736842105
507,ES,Zaragoza,2020,1.7824873096446698,8.27284263959391,18.15989847715736,9.850253807106599,,2.0459390862944162
508,ES,Zaragoza,2021,1.775578406169666,8.60616966580977,21.47840616966581,15.272493573264782,,1.9884318766066837
509,ES,Zaragoza,2022,1.6955631399317406,7.604436860068259,21.648805460750854,17.775862068965516,30.089285714285715,2.566551724137931
510,ES,Zaragoza,2023,1.8,6.2,6.5,18.0,36.0,2.8
511,FI,Helsinki,2016,,5.783333333333334,21.46666666666667,10.5,19.166666666666668,0.9333333333333335
512,FI,Helsinki,2017,,8.68901098901099,21.95054945054945,14.038461538461538,23.63736263736264,0.49725274725274726
513,FI,Helsinki,2018,,9.356250000000001,23.451136363636362,16.630681818181817,30.375,0.6505747126436782
514,FI,Helsinki,2019,,7.528342245989305,20.160160427807487,12.304812834224599,24.689839572192515,0.47295081967213115
515,FI,Helsinki,2020,,5.026262626262627,20.167424242424243,10.962121212121213,22.113636363636363,0.3467065868263473
516,FI,Helsinki,2021,,5.927763496143959,20.482776349614397,10.588688946015424,23.77120822622108,0.60633608815427
517,FI,Helsinki,2022,,5.716271186440678,19.715986394557824,10.416382252559726,21.301694915254238,0.42737642585551333
518,FI,Helsinki,2023,,4.2,21.0,6.0,14.0,0.3
519,FI,Oulu,2016,,8.883333333333333,25.883333333333336,6.666666666666667,25.666666666666668,
520,FI,Oulu,2017,,5.628571428571429,25.40934065934066,9.868131868131869,26.357142857142858,
521,FI,Oulu,2018,,7.579545454545454,26.67241379310345,9.511363636363637,25.176136363636363,0.6142857142857142
522,FI,Oulu,2019,,5.7799465240641705,19.94144385026738,8.628342245989305,20.155080213903744,
523,FI,Oulu,2020,,3.585858585858586,20.524747474747475,8.376262626262626,19.189393939393938,
524,FI,Oulu,2021,,4.35706940874036,20.009768637532133,8.717223650385604,20.62077922077922,
525,FI,Oulu,2022,,3.4538983050847456,19.158361774744026,8.8839590443686,,
526,FI,Oulu,2023,,1.0,27.3,5.0,,
527,FI,Tampere,2016,,5.083333333333333,,6.333333333333333,22.333333333333332,
528,FI,Tampere,2017,,6.788461538461538,,11.461538461538462,24.14835164835165,
529,FI,Tampere,2018,,6.414204545454546,37.07142857142857,13.857954545454545,23.71590909090909,
530,FI,Tampere,2019,,5.358823529411765,,9.197860962566844,18.78609625668449,
531,FI,Tampere,2020,,4.808333333333333,,8.787878787878787,17.967171717171716,
532,FI,Tampere,2021,,6.007989690721649,,9.417525773195877,19.88917525773196,
533,FI,Tampere,2022,,4.353220338983051,13.702068965517242,8.96245733788396,17.89830508474576,
534,FI,Tampere,2023,,4.2,9.7,4.0,11.0,
535,FI,Turku,2016,,5.766666666666667,,8.166666666666666,,
536,FI,Turku,2017,,5.70989010989011,29.185714285714287,9.82967032967033,,
537,FI,Turku,2018,,5.630681818181818,,12.920454545454545,9.0,0.4625
538,FI,Turku,2019,,3.599731903485255,,8.292225201072386,17.769436997319033,0.3356353591160221
539,FI,Turku,2020,,2.300765306122449,,8.60969387755102,17.303571428571427,0.28777429467084636
540,FI,Turku,2021,,3.0987146529562986,,8.593830334190232,17.994858611825194,0.5583333333333333
541,FI,Turku,2022,,2.8281355932203387,,9.156996587030717,17.63013698630137,
542,FI,Turku,2023,,3.3,,6.0,16.0,
543,FI,Vantaa,2016,,4.8500000000000005,,7.333333333333333,23.5,
544,FI,Vantaa,2017,,7.636813186813187,,10.978021978021978,23.835164835164836,
545,FI,Vantaa,2018,,9.04659090909091,27.682142857142857,15.352272727272727,28.829545454545453,0.5285714285714286
546,FI,Vantaa,2019,,7.835294117647059,20.472282608695654,11.967914438502675,25.997326203208555,0.21428571428571427
547,FI,Vantaa,2020,,5.9162025316455695,22.825599999999998,10.275949367088607,22.134177215189872,0.22000000000000003
548,FI,Vantaa,2021,,6.242708333333333,,9.596401028277635,24.24484536082474,
549,FI,Vantaa,2022,,6.2057627118644065,,10.98976109215017,22.396610169491524,
550,FI,Vantaa,2023,,4.1,,6.0,20.0,
551,FR,Amiens,2016,,11.316666666666668,6.75,22.833333333333332,33.5,
552,FR,Amiens,2017,,8.460975609756098,14.670731707317072,22.79268292682927,65.10144927536231,
553,FR,Amiens,2018,,7.125,21.10406976744186,19.307692307692307,21.0,0.7979591836734694
554,FR,Amiens,2019,,5.443243243243243,19.259999999999998,16.06756756756757,40.70739549839228,0.7895569620253164
555,FR,Amiens,2020,,4.443733333333333,19.330748663101605,13.912466843501326,37.03658536585366,0.8794258373205742
556,FR,Amiens,2021,,4.225838926174497,19.296632996632997,15.36388140161725,45.985955056179776,0.7797297297297298
557,FR,Amiens,2022,,3.7123762376237623,17.603960396039604,12.621527777777779,41.58455882352941,
558,FR,Amiens,2023,,2.3,22.0,12.0,38.0,
559,FR,Besançon,2016,,9.950000000000001,10.35,21.0,63.333333333333336,
560,FR,Besançon,2017,,6.857377049180329,24.256830601092897,16.103825136612024,47.51912568306011,
561,FR,Besançon,2018,,6.743169398907104,25.983060109289614,15.491803278688524,47.85792349726776,3.424324324324324
562,FR,Besançon,2019,,6.494609164420485,23.946236559139784,13.556756756756757,34.37127371273713,
563,FR,Besançon,2020,,4.947368421052632,24.389444444444447,12.349030470914128,30.862258953168045,
564,FR,Besançon,2021,,5.588266666666667,21.96507936507936,12.52127659574468,33.71808510638298,
565,FR,Besançon,2022,,4.755902777777778,26.311929824561403,12.583916083916083,26.832167832167833,
566,FR,Besançon,2023,,1.3,27.3,12.0,21.0,
567,FR,Bordeaux,2016,,13.583333333333334,8.233333333333334,23.833333333333332,71.5,0.6
568,FR,Bordeaux,2017,,13.290000000000001,9.6,24.8,71.4,1.1714285714285715
569,FR,Bordeaux,2018,,6.749418604651163,26.06309523809524,14.290697674418604,37.86904761904762,1.1571428571428573
570,FR,Bordeaux,2019,,6.579679144385027,23.57379679144385,14.598930481283423,35.32085561497326,1.3296178343949046
571,FR,Bordeaux,2020,,5.38459595959596,21.42676767676768,13.603535353535353,33.333333333333336,0.7758957654723126
572,FR,Bordeaux,2021,,5.403617571059431,22.221188630490957,14.10077519379845,34.674418604651166,1.1710227272727272
573,FR,Bordeaux,2022,,4.697260273972603,23.836301369863012,15.174657534246576,31.498269896193772,1.0996268656716417
574,FR,Bordeaux,2023,,3.2,15.5,15.0,50.0,
575,FR,Caen,2016,,17.2,6.416666666666667,34.166666666666664,85.83333333333333,
576,FR,Caen,2017,,12.38974358974359,14.456410256410255,23.46153846153846,66.48387096774194,
577,FR,Caen,2019,,5.106214689265537,19.545762711864406,12.005649717514125,27.92090395480226,
578,FR,Caen,2020,,4.501010101010102,22.415909090909093,13.77020202020202,32.38383838383838,
579,FR,Caen,2021,,5.177892030848329,20.95835475578406,14.526992287917738,36.37275064267352,
580,FR,Caen,2022,,4.836394557823129,21.632413793103446,14.589655172413794,28.628070175438598,
581,FR,Caen,2023,,2.3,26.4,14.0,30.0,
582,FR,Clermont-Ferrand,2016,,22.366666666666664,4.133333333333334,30.833333333333332,95.0,
583,FR,Clermont-Ferrand,2017,,10.620218579234972,23.95409836065574,14.792349726775956,44.72677595628415,
584,FR,Clermont-Ferrand,2018,,8.826923076923077,24.354395604395606,12.302197802197803,35.15934065934066,
585,FR,Clermont-Ferrand,2019,,8.989037433155081,25.321390374331553,12.695187165775401,34.67914438502674,
586,FR,Clermont-Ferrand,2020,,7.277777777777778,22.189141414141414,11.469696969696969,32.535353535353536,
587,FR,Clermont-Ferrand,2021,,7.204113110539846,21.708446866485012,11.691516709511568,33.72750642673522,
588,FR,Clermont-Ferrand,2022,1.8090909090909089,5.79609756097561,22.55176056338028,12.144385026737968,32.756013745704465,
589,FR,Clermont-Ferrand,2023,0.8,,24.3,13.0,33.0,
590,FR,Dijon,2018,,6.871942446043166,29.75223880597015,14.726618705035971,31.712230215827336,
591,FR,Dijon,2019,,7.681005586592179,21.375,12.915730337078651,22.720670391061454,
592,FR,Dijon,2020,,6.141891891891892,22.997229916897506,13.535135135135135,27.27027027027027,
593,FR,Dijon,2021,,6.127968337730871,21.279575596816976,13.831134564643799,29.261213720316622,
594,FR,Dijon,2022,,5.005154639175258,24.612456747404845,12.728522336769759,24.169550173010382,
595,FR,Dijon,2023,,3.0,24.9,17.0,32.0,
596,FR,Grenoble,2016,,16.28333333333333,1.9000000000000001,32.5,93.66666666666667,1.3500000000000003
597,FR,Grenoble,2017,,9.524590163934427,20.324043715846994,18.868852459016395,50.53551912568306,1.2692913385826774
598,FR,Grenoble,2018,,9.05934065934066,21.165384615384614,15.021978021978022,43.357142857142854,1.4553398058252427
599,FR,Grenoble,2019,,8.86524064171123,19.10748663101604,15.497326203208557,38.75133689839572,0.85822102425876
600,FR,Grenoble,2020,,7.321969696969697,18.056313131313132,14.977272727272727,38.01767676767677,0.8046272493573264
601,FR,Grenoble,2021,,6.392030848329049,16.067352185089973,14.280205655526993,37.59125964010283,0.9328571428571428
602,FR,Grenoble,2022,,4.69609756097561,20.016901408450703,13.433155080213904,35.07216494845361,1.2144144144144144
603,FR,Grenoble,2023,,,8.4,14.0,43.0,0.3
604,FR,Lille,2016,0.10000000000000002,17.883333333333333,4.8999999999999995,,,1.0
605,FR,Lille,2017,0.10000000000000002,14.666666666666666,4.566666666666667,,,1.0666666666666667
606,FR,Lille,2018,0.1,12.734269662921347,10.1,22.359550561797754,51.91428571428571,
607,FR,Lille,2019,0.09999999999999999,11.612972972972974,18.46565934065934,17.732432432432432,41.39367816091954,
608,FR,Lille,2020,0.1,7.970291777188329,20.19887640449438,15.584,46.976190476190474,
609,FR,Lille,2021,0.1,8.30976430976431,19.857679180887374,17.390243902439025,47.038147138964575,
610,FR,Lille,2022,0.1,8.652475247524752,,17.06228373702422,36.816901408450704,
611,FR,Lille,2023,0.1,3.7,,10.0,30.0,
612,FR,Limoges,2016,0.10000000000000002,13.35,12.0,17.333333333333332,58.5,0.7833333333333333
613,FR,Limoges,2017,0.1,11.119620253164557,20.25126582278481,12.518987341772151,33.87341772151899,0.8727272727272727
614,FR,Limoges,2018,,9.24207650273224,23.945901639344264,11.07103825136612,27.808743169398905,
615,FR,Limoges,2019,,11.640374331550802,23.128877005347597,11.537433155080214,17.0,
616,FR,Limoges,2020,,9.021717171717171,21.55445292620865,10.934343434343434,,
617,FR,Limoges,2021,,9.26580310880829,21.51178010471204,11.439276485788113,,
618,FR,Limoges,2022,,8.633793103448276,23.017808219178082,12.167808219178083,,
619,FR,Limoges,2023,,5.5,19.5,13.0,,
620,FR,Lyon,2016,,18.016666666666666,6.283333333333334,32.333333333333336,83.0,1.8499999999999999
621,FR,Lyon,2017,,13.031147540983605,21.507650273224044,21.502732240437158,53.77049180327869,1.8313953488372092
622,FR,Lyon,2018,,12.131318681318682,23.02747252747253,16.17032967032967,41.917582417582416,2.47248322147651
623,FR,Lyon,2019,,12.290374331550803,21.15187165775401,16.77005347593583,40.87700534759358,1.6791176470588234
624,FR,Lyon,2020,,10.082070707070708,20.25631313131313,15.075757575757576,39.38636363636363,1.1514376996805111
625,FR,Lyon,2021,,9.595115681233933,19.710025706940872,15.115681233933161,40.11568123393316,2.699014778325123
626,FR,Lyon,2022,0.1,7.314146341463415,23.495070422535214,14.422459893048128,33.955326460481096,3.1266187050359715
627,FR,Lyon,2023,0.1,,27.6,18.0,31.0,2.1
628,FR,Marseille,2016,,22.05,4.45,31.333333333333332,79.16666666666667,1.1
629,FR,Marseille,2017,,13.516022099447515,24.170165745856355,23.386740331491712,51.751381215469614,1.231578947368421
630,FR,Marseille,2018,0.1,12.652325581395347,23.870348837209303,20.820359281437124,44.31736526946108,1.2403508771929825
631,FR,Marseille,2019,0.1,11.524396782841825,23.11181318681319,20.407506702412867,38.30563002680965,0.8576407506702413
632,FR,Marseille,2020,0.1,11.281565656565656,22.483248730964466,18.825757575757574,37.871212121212125,0.7219696969696969
633,FR,Marseille,2021,0.1,12.557622739018088,22.08578811369509,19.811369509043928,40.11369509043928,0.9524547803617571
634,FR,Marseille,2022,0.1,11.350680272108843,24.75644599303136,20.357142857142858,39.064625850340136,0.6869565217391305
635,FR,Marseille,2023,0.1,4.0,24.0,21.0,43.0,0.2
636,FR,Metz,2016,2.8000000000000003,12.833333333333334,6.883333333333333,19.666666666666668,49.833333333333336,1.1
637,FR,Metz,2017,3.5090909090909093,8.458469945355192,20.93606557377049,18.185792349726775,45.09836065573771,1.6
638,FR,Metz,2018,2.8994475138121545,8.865573770491803,23.840983606557376,18.174863387978142,49.9625,1.263636363636364
639,FR,Metz,2019,3.581967213114754,7.435561497326203,20.361764705882354,15.79144385026738,38.83611111111111,1.1157706093189965
640,FR,Metz,2020,,6.513888888888889,19.984595959595957,13.1010101010101,33.583769633507856,1.6776892430278885
641,FR,Metz,2021,,6.69228791773779,17.689974293059127,13.789203084832906,37.0,
642,FR,Metz,2022,,6.054008438818565,24.355274261603373,14.459915611814345,35.75675675675676,
643,FR,Montpellier,2016,,13.416666666666666,9.6,19.0,71.0,
644,FR,Montpellier,2017,,7.837158469945355,26.3568306010929,12.33879781420765,55.2896174863388,
645,FR,Montpellier,2018,,6.943406593406594,27.54065934065934,13.021978021978022,51.22527472527472,
646,FR,Montpellier,2019,,7.561917808219178,27.141643835616442,14.930555555555555,35.01111111111111,
647,FR,Montpellier,2020,,6.087817258883248,25.697208121827412,13.946835443037974,31.516539440203562,
648,FR,Montpellier,2021,,5.741645244215938,24.838560411311057,14.002570694087403,29.539845758354755,
649,FR,Montpellier,2022,,5.366101694915254,25.71220338983051,15.549152542372882,33.742372881355934,
650,FR,Montpellier,2023,,2.7,28.6,27.0,53.0,
651,FR,Nancy,2016,4.0,14.75,3.4499999999999997,24.166666666666668,63.166666666666664,1.0166666666666668
652,FR,Nancy,2017,2.8508474576271183,9.799453551912569,16.101142857142857,18.40983606557377,46.76502732240437,1.1901639344262296
653,FR,Nancy,2018,2.939655172413793,11.120218579234972,22.875956284153006,15.868852459016393,44.22950819672131,1.2000000000000002
654,FR,Nancy,2019,2.2785714285714285,8.202139037433154,21.111229946524066,15.724598930481283,35.90909090909091,0.8951612903225806
655,FR,Nancy,2020,,6.5636363636363635,20.40580808080808,14.063131313131313,35.30808080808081,1.0318766066838048
656,FR,Nancy,2021,,7.0393316195372755,18.144010416666667,14.077120822622108,39.976863753213365,0.9968668407310706
657,FR,Nancy,2022,,5.412658227848101,24.02278481012658,13.531645569620252,37.59493670886076,1.0363247863247864
658,FR,Nantes,2016,2.4,9.450000000000001,11.683333333333332,16.833333333333332,52.333333333333336,
659,FR,Nantes,2017,0.14695652173913046,8.391803278688524,24.026519337016577,16.896174863387976,43.595628415300546,
660,FR,Nantes,2018,0.1,7.040983606557377,25.94010989010989,14.808743169398907,38.68852459016394,0.7205128205128205
661,FR,Nantes,2019,0.1,6.714438502673796,23.893297587131368,15.366310160427808,37.60427807486631,0.6835205992509363
662,FR,Nantes,2020,0.1,5.3522727272727275,22.74681933842239,13.452020202020202,34.57070707070707,0.8272357723577236
663,FR,Nantes,2021,0.09999999999999999,5.243958868894602,21.611311053984576,13.609254498714654,36.08527131782946,0.698283261802575
664,FR,Nantes,2022,0.1,3.6254237288135593,23.311186440677968,12.39322033898305,30.447457627118645,0.4753731343283582
665,FR,Nantes,2023,0.1,2.1,24.3,15.0,40.0,0.5
666,FR,Nice,2016,,17.183333333333334,6.266666666666667,27.0,59.333333333333336,
667,FR,Nice,2017,,13.258011049723756,24.522099447513813,21.176795580110497,51.447513812154696,
668,FR,Nice,2018,,12.450000000000001,21.947674418604652,20.15568862275449,48.221556886227546,
669,FR,Nice,2019,,11.60911528150134,20.90509383378016,19.353887399463808,41.58981233243968,
670,FR,Nice,2020,,8.618939393939394,20.45959595959596,17.055555555555557,35.042929292929294,
671,FR,Nice,2021,,8.906976744186046,21.842377260981912,17.43669250645995,35.43669250645995,
672,FR,Nice,2022,,6.424149659863946,23.6656462585034,17.527210884353742,34.605442176870746,
673,FR,Nice,2023,,4.9,5.0,23.0,52.0,
674,FR,Nîmes,2016,,11.333333333333334,13.0,14.166666666666666,70.16666666666667,
675,FR,Nîmes,2017,,7.581967213114754,26.003867403314917,9.702857142857143,61.7103825136612,
676,FR,Nîmes,2018,,6.2554945054945055,25.514835164835162,12.934065934065934,53.93956043956044,
677,FR,Nîmes,2019,,6.997808219178082,26.137260273972604,16.586111111111112,33.297994269340975,
678,FR,Nîmes,2020,,7.268781725888325,23.639141414141417,15.840909090909092,33.246786632390744,
679,FR,Nîmes,2021,,6.226478149100257,24.77737789203085,13.668380462724937,30.156657963446474,
680,FR,Nîmes,2022,,6.078983050847458,26.62813559322034,14.35593220338983,30.56655290102389,
681,FR,Nîmes,2023,,5.5,17.7,25.0,51.0,
682,FR,Orléans,2016,,6.466666666666666,12.933333333333332,17.0,52.5,
683,FR,Orléans,2017,,5.752459016393443,24.73224043715847,14.770491803278688,44.53551912568306,
684,FR,Orléans,2018,,5.36775956284153,26.12459016393443,12.617486338797814,40.97802197802198,
685,FR,Orléans,2019,,4.7895721925133685,24.28471849865952,13.508021390374331,34.66032608695652,
686,FR,Orléans,2020,,3.9393939393939394,23.71012658227848,13.16161616161616,31.073417721518986,
687,FR,Orléans,2021,,4.274550128534704,22.41701030927835,12.915167095115681,34.82776349614396,
688,FR,Orléans,2022,,3.665084745762712,24.693537414965984,12.779661016949152,30.10169491525424,
689,FR,Orléans,2023,,2.2,19.7,14.0,36.0,
690,FR,Paris,2016,4.75,28.61666666666667,4.666666666666667,34.5,77.5,1.0166666666666668
691,FR,Paris,2017,3.8388888888888886,21.764197530864198,16.82716049382716,24.59259259259259,55.22222222222222,0.9144654088050315
692,FR,Paris,2018,3.695081967213115,19.325136612021858,19.5224043715847,22.404371584699454,52.540983606557376,1.0010928961748635
693,FR,Paris,2019,0.09999999999999999,17.34919786096257,18.335828877005348,21.43850267379679,47.24331550802139,0.589572192513369
694,FR,Paris,2020,0.1,13.082070707070708,20.075757575757574,18.757575757575758,41.75252525252525,0.7503816793893129
695,FR,Paris,2021,0.09999999999999999,14.395360824742268,19.49896907216495,19.97680412371134,46.2879177377892,0.6188524590163934
696,FR,Paris,2022,0.1,12.738983050847457,21.26915254237288,18.671186440677968,39.291525423728814,0.25
697,FR,Paris,2023,,10.3,18.2,16.0,37.0,
698,FR,Perpignan,2016,,12.9,12.183333333333332,12.5,57.0,
699,FR,Perpignan,2017,,6.140437158469946,27.26480446927374,9.337078651685394,57.31693989071038,
700,FR,Perpignan,2018,,4.9826815642458095,,14.283582089552239,42.9375,
701,FR,Perpignan,2019,,6.041483516483516,29.050473186119874,13.674094707520892,39.700325732899024,
702,FR,Perpignan,2020,,6.272842639593908,24.225192802056558,11.941772151898734,28.923076923076923,
703,FR,Perpignan,2021,,5.3871465295629815,27.025964010282777,11.68298969072165,26.364583333333332,
704,FR,Perpignan,2022,,8.153951890034365,26.052127659574467,15.68041237113402,33.02158273381295,
705,FR,Perpignan,2023,,8.9,6.3,23.0,62.0,
706,FR,Rennes,2016,,11.516666666666666,9.366666666666665,23.0,62.5,
707,FR,Rennes,2017,,10.18100558659218,21.353846153846153,18.082417582417584,43.247252747252745,
708,FR,Rennes,2018,,8.506010928961748,,10.476510067114093,36.989010989010985,
709,FR,Rennes,2019,,7.501764705882353,23.576804123711337,13.226470588235294,31.105431309904155,
710,FR,Rennes,2020,,6.684263959390862,22.900000000000002,13.659090909090908,31.18686868686869,
711,FR,Rennes,2021,,8.344386422976502,,14.942857142857143,35.98961038961039,
712,FR,Rennes,2022,,7.801020408163265,,13.227118644067797,31.06779661016949,
713,FR,Rennes,2023,,3.7,,15.0,34.0,
714,FR,Rouen,2016,,19.333333333333332,5.883333333333333,23.833333333333332,62.666666666666664,1.1
715,FR,Rouen,2017,,17.682051282051283,10.871794871794872,26.205128205128204,61.256410256410255,1.2794871794871796
716,FR,Rouen,2018,,11.372677595628414,22.26448087431694,18.306010928961747,38.294444444444444,1.6925925925925924
717,FR,Rouen,2019,,12.101069518716578,20.472994652406417,16.689839572192515,46.18449197860963,1.0178571428571428
718,FR,Rouen,2020,,9.482828282828283,20.931818181818183,13.972222222222221,34.878787878787875,0.9760330578512397
719,FR,Rouen,2021,,11.918766066838046,19.632904884318766,15.771208226221079,42.95372750642674,0.7090116279069768
720,FR,Rouen,2022,,11.197619047619048,21.95448275862069,14.286206896551723,36.43859649122807,0.8700729927007299
721,FR,Rouen,2023,,3.2,25.2,12.0,30.0,
722,FR,Saint-Étienne,2016,,17.783333333333335,3.716666666666667,25.833333333333332,69.33333333333333,1.0
723,FR,Saint-Étienne,2017,,9.499453551912568,21.630601092896175,17.404371584699454,39.721311475409834,0.8500000000000001
724,FR,Saint-Étienne,2018,,8.47912087912088,23.56263736263736,12.692307692307692,32.47802197802198,
725,FR,Saint-Étienne,2019,,8.294385026737968,22.925401069518717,13.018716577540108,31.41176470588235,
726,FR,Saint-Étienne,2020,,7.3835858585858585,21.07626262626263,12.093434343434344,29.744949494949495,
727,FR,Saint-Étienne,2021,,7.083804627249357,19.83521850899743,12.609254498714654,31.8560411311054,
728,FR,Saint-Étienne,2022,,5.758536585365854,23.758098591549295,12.524064171122994,29.786941580756015,
729,FR,Saint-Étienne,2023,,,26.2,16.0,35.0,
730,FR,Strasbourg,2016,0.10000000000000002,18.633333333333333,5.15,30.166666666666668,74.16666666666667,0.8500000000000001
731,FR,Strasbourg,2017,0.1,14.290163934426229,18.52912087912088,23.62295081967213,63.02732240437158,1.1
732,FR,Strasbourg,2018,0.1,14.470491803278689,23.996174863387978,22.311475409836067,57.42307692307692,1.0607843137254902
733,FR,Strasbourg,2019,0.1,13.297058823529413,20.69090909090909,20.144385026737968,51.74193548387097,1.010179640718563
734,FR,Strasbourg,2020,,10.33459595959596,18.990632911392407,17.338383838383837,41.51807228915663,
735,FR,Strasbourg,2021,,10.773778920308484,17.261658031088082,16.64781491002571,,
736,FR,Strasbourg,2022,,8.946413502109705,23.68945147679325,17.18143459915612,,
737,FR,Toulon,2016,,24.866666666666664,11.283333333333333,25.333333333333332,,
738,FR,Toulon,2017,,16.928333333333335,30.759668508287294,19.353591160220994,,
739,FR,Toulon,2018,,13.942690058479531,28.490697674418602,18.25748502994012,46.3768115942029,
740,FR,Toulon,2019,,11.609677419354838,27.956451612903223,18.803763440860216,42.344086021505376,
741,FR,Toulon,2020,,9.578030303030303,26.039646464646466,16.421717171717173,30.418181818181818,
742,FR,Toulon,2021,,9.478036175710594,28.038242894056847,17.439276485788113,28.502590673575128,
743,FR,Toulon,2022,,8.969727891156463,29.459183673469386,18.547619047619047,26.88235294117647,
744,FR,Toulon,2023,,2.3,26.4,21.0,29.0,
745,FR,Toulouse,2016,4.45,13.266666666666666,4.883333333333334,18.833333333333332,54.666666666666664,0.25
746,FR,Toulouse,2017,3.2344262295081965,9.988524590163935,24.44808743169399,15.87431693989071,40.15300546448088,0.5317919075144508
747,FR,Toulouse,2018,2.963186813186813,8.672677595628414,26.18415300546448,14.0,37.333333333333336,0.5905555555555555
748,FR,Toulouse,2019,,8.563709677419354,24.56290322580645,15.330645161290322,36.913978494623656,
749,FR,Toulouse,2020,,7.46269035532995,23.685606060606062,14.517676767676768,36.82994923857868,
750,FR,Toulouse,2021,,7.379948586118252,23.88329048843188,14.940874035989717,37.023136246786635,
751,FR,Toulouse,2022,,6.9538983050847465,25.970847457627116,16.423728813559322,36.501694915254234,
752,FR,Toulouse,2023,,2.8,23.7,21.0,45.0,
753,FR,Tours,2016,0.10000000000000002,8.683333333333334,10.883333333333335,16.333333333333332,59.333333333333336,
754,FR,Tours,2017,0.1,7.751366120218579,23.433879781420764,16.53846153846154,47.60109289617486,
755,FR,Tours,2018,0.09999999999999999,6.528415300546448,26.45464480874317,14.978142076502733,38.5792349726776,
756,FR,Tours,2019,0.09999999999999999,5.746524064171123,24.471657754010693,14.649732620320856,38.5855614973262,
757,FR,Tours,2020,0.1,4.779292929292929,23.21136363636364,14.368686868686869,35.73232323232323,
758,FR,Tours,2021,0.1,5.222879177377892,22.53573264781491,13.820051413881748,37.44215938303342,
759,FR,Tours,2022,0.1,4.44542372881356,23.930742049469963,14.51864406779661,31.16271186440678,
760,FR,Tours,2023,,2.5,20.2,17.0,36.0,
761,GB,Belfast,2016,3.75,16.55,15.283333333333333,18.5,46.333333333333336,1.1166666666666667
762,GB,Belfast,2017,2.1427710843373493,12.782513661202184,19.573224043715847,16.30054644808743,41.625698324022345,5.0978021978021975
763,GB,Belfast,2018,1.2044444444444444,13.79672131147541,19.396174863387976,16.349726775956285,51.033149171270715,2.074725274725275
764,GB,Belfast,2019,1.297049180327869,14.133243967828419,16.40417910447761,14.576407506702413,43.149253731343286,3.372980501392757
765,GB,Belfast,2020,1.763835616438356,10.744810126582278,17.270603674540684,12.863291139240506,26.869897959183675,1.8680412371134019
766,GB,Belfast,2021,1.5622149837133552,10.46478149100257,17.49328165374677,12.383033419023135,28.91516709511568,1.7205962059620596
767,GB,Belfast,2022,0.889090909090909,9.839322033898306,18.45055350553506,12.003389830508475,27.35374149659864,1.2741496598639457
768,GB,Belfast,2023,0.8,9.6,17.5,10.0,34.0,0.6
769,GB,Birmingham,2016,,13.066666666666668,8.9,26.5,57.833333333333336,
770,GB,Birmingham,2017,,7.754098360655738,19.918579234972675,17.80373831775701,42.49723756906077,
771,GB,Birmingham,2018,,8.587978142076503,22.014207650273224,15.721428571428572,48.05524861878453,
772,GB,Birmingham,2019,,10.251612903225807,17.90456989247312,14.263013698630138,34.63760217983651,0.9420689655172413
773,GB,Birmingham,2020,,7.016962025316455,21.06101265822785,11.931645569620253,30.03291139240506,1.2229974160206718
774,GB,Birmingham,2021,,8.501028277634962,21.598457583547557,13.55012853470437,35.390745501285345,1.4733333333333334
775,GB,Birmingham,2022,,8.782033898305084,20.9664406779661,13.305084745762711,31.827118644067795,1.7736301369863012
776,GB,Birmingham,2023,,3.9,27.3,10.0,25.0,3.1
777,GB,Bristol,2016,,20.233333333333334,5.633333333333333,24.5,66.33333333333333,
778,GB,Bristol,2017,,11.065027322404372,19.474033149171273,16.994505494505493,43.98882681564246,
779,GB,Bristol,2018,1.357894736842105,11.387978142076502,22.119444444444444,17.57377049180328,42.73770491803279,1.855357142857143
780,GB,Bristol,2019,1.4230113636363635,13.83083109919571,17.453614457831325,16.574525745257453,45.083333333333336,1.767663043478261
781,GB,Bristol,2020,3.2847222222222223,9.348737373737373,20.543908629441624,15.386363636363637,36.22727272727273,2.1495934959349596
782,GB,Bristol,2021,1.6318181818181818,10.855012853470438,22.033333333333335,15.235751295336788,39.48429319371728,1.270639534883721
783,GB,Bristol,2022,1.0207612456747406,9.998983050847457,21.999295774647887,15.525597269624573,38.29692832764505,1.6311864406779661
784,GB,Bristol,2023,1.1,6.5,26.4,15.0,34.0,1.1
785,GB,Cardiff,2016,2.7833333333333337,12.466666666666667,6.116666666666667,25.0,62.0,6.8
786,GB,Cardiff,2017,2.248876404494382,8.402732240437158,19.749180327868853,18.10928961748634,43.11363636363637,6.0005524861878445
787,GB,Cardiff,2018,1.3383333333333334,8.080874316939891,20.369945355191255,17.530054644808743,42.327777777777776,1.2112359550561798
788,GB,Cardiff,2019,1.4755681818181818,10.047184986595173,16.129222520107238,15.868632707774799,35.38337801608579,1.793833780160858
789,GB,Cardiff,2020,3.2268096514745306,6.957575757575757,20.10151515151515,13.143939393939394,27.053984575835475,2.228756476683938
790,GB,Cardiff,2021,1.5662234042553191,7.272493573264781,20.106443298969072,12.606683804627249,32.251948051948055,1.3027027027027027
791,GB,Cardiff,2022,1.0207612456747406,6.334237288135593,20.497966101694914,13.827118644067797,39.66779661016949,1.65578231292517
792,GB,Cardiff,2023,1.1,3.2,27.8,13.0,46.0,0.7
793,GB,Coventry,2016,,15.866666666666667,8.066666666666666,22.166666666666668,62.833333333333336,
794,GB,Coventry,2017,,8.713661202185792,20.30710382513661,15.767955801104973,44.85245901639344,
795,GB,Coventry,2018,,7.490710382513661,22.999453551912566,14.605555555555556,47.0,
796,GB,Coventry,2019,,7.657908847184987,16.61313672922252,12.493224932249323,33.97849462365591,
797,GB,Coventry,2020,,5.619746835443038,23.04784810126582,10.891139240506329,28.154430379746834,
798,GB,Coventry,2021,,5.74318766066838,23.38329048843188,11.858611825192803,32.34447300771208,
799,GB,Coventry,2022,,4.980677966101695,24.78542372881356,11.569491525423729,29.233898305084747,
800,GB,Coventry,2023,,2.8,30.1,10.0,24.0,
801,GB,Edinburgh,2016,3.8166666666666664,6.983333333333333,23.71666666666667,17.666666666666668,33.166666666666664,3.233333333333333
802,GB,Edinburgh,2017,3.5169696969696966,9.578688524590165,24.475409836065573,11.278688524590164,26.530054644808743,3.191011235955056
803,GB,Edinburgh,2018,3.6488636363636364,8.716939890710382,25.996174863387978,12.153005464480874,27.174863387978142,4.583606557377049
804,GB,Edinburgh,2019,1.2896193771626296,9.30427807486631,21.90080213903743,10.1524064171123,23.259358288770052,4.751881720430108
805,GB,Edinburgh,2020,0.8114906832298137,6.64040404040404,22.695202020202018,7.931818181818182,18.04040404040404,1.9927835051546392
806,GB,Edinburgh,2021,1.2538461538461538,7.201799485861183,21.491002570694086,8.038560411311053,19.812339331619537,2.7018087855297157
807,GB,Edinburgh,2022,1.4967032967032967,5.82135593220339,21.57898305084746,8.233898305084745,18.71186440677966,1.448122866894198
808,GB,Edinburgh,2023,1.3,7.2,22.7,3.0,10.0,0.2
809,GB,Glasgow,2016,,9.416666666666666,22.733333333333334,16.166666666666668,37.333333333333336,
810,GB,Glasgow,2017,,11.714207650273224,20.57049180327869,12.879781420765028,29.781420765027324,
811,GB,Glasgow,2018,,12.15464480874317,21.607650273224042,12.890710382513662,31.579234972677597,0.8551020408163265
812,GB,Glasgow,2019,,12.286058981233243,17.843967828418233,10.640750670241287,25.654155495978554,1.8104347826086957
813,GB,Glasgow,2020,,8.361616161616162,19.170454545454547,8.43939393939394,20.20959595959596,2.904324324324324
814,GB,Glasgow,2021,,9.151156812339332,18.95038560411311,8.976863753213367,21.701799485861184,1.6808988764044943
815,GB,Glasgow,2022,,7.8915254237288135,19.616271186440677,8.647457627118644,20.26779661016949,1.0431095406360424
816,GB,Glasgow,2023,,9.7,17.6,3.0,11.0,0.6
817,GB,Leeds,2016,5.95,23.866666666666664,10.266666666666667,23.666666666666668,62.5,0.43333333333333335
818,GB,Leeds,2017,3.3104395604395602,15.660109289617488,16.85989010989011,17.373626373626372,46.065934065934066,1.4364161849710984
819,GB,Leeds,2018,2.2461111111111114,14.337704918032788,19.583240223463687,17.428571428571427,45.07142857142857,1.0786516853932584
820,GB,Leeds,2019,2.924462365591398,13.10455764075067,17.308333333333334,13.815013404825738,43.394101876675606,1.1382113821138211
821,GB,Leeds,2020,3.7027777777777775,9.08632911392405,20.719845360824742,14.349489795918368,33.232142857142854,1.4220253164556964
822,GB,Leeds,2021,3.7387978142076506,10.033419023136247,20.797395833333333,16.42159383033419,36.55784061696658,1.390625
823,GB,Leeds,2022,2.3902527075812277,9.158983050847459,20.726666666666667,16.24406779661017,36.71864406779661,1.1424028268551236
824,GB,Leeds,2023,1.1,5.5,29.3,10.0,38.0,2.3
825,GB,Leicester,2016,,17.95,6.75,,57.666666666666664,
826,GB,Leicester,2017,,11.143333333333333,17.273333333333333,,43.144444444444446,
827,GB,Leicester,2018,,9.659016393442622,20.693989071038253,14.857142857142858,40.64804469273743,2.3339285714285714
828,GB,Leicester,2019,,10.51774193548387,16.27768817204301,,40.10054347826087,2.589655172413793
829,GB,Leicester,2020,,7.835969387755101,18.665151515151514,11.837270341207349,30.653164556962025,2.028650137741047
830,GB,Leicester,2021,,8.425257731958762,19.388025889967636,12.88659793814433,35.0,2.2832402234636873
831,GB,Leicester,2022,,7.276949152542373,20.82764505119454,12.214532871972319,32.02372881355932,1.049655172413793
832,GB,Leicester,2023,,1.9,27.3,10.0,24.0,1.1
833,GB,Liverpool,2016,,10.283333333333333,13.716666666666667,20.4,46.666666666666664,0.6199999999999999
834,GB,Liverpool,2017,,7.757377049180327,22.42896174863388,15.5561797752809,34.13186813186813,2.7366120218579235
835,GB,Liverpool,2018,,7.775409836065574,23.706557377049183,13.143646408839778,35.75409836065574,3.4884615384615385
836,GB,Liverpool,2019,,7.778552278820375,20.812064343163538,13.763085399449036,30.181571815718158,1.5357142857142858
837,GB,Liverpool,2020,,5.114646464646465,22.675505050505052,11.840909090909092,27.914141414141415,2.8472868217054264
838,GB,Liverpool,2021,,5.166666666666667,23.026356589147287,11.968992248062015,31.829457364341085,2.658904109589041
839,GB,Liverpool,2022,,5.0464406779661015,22.84949152542373,12.884745762711864,30.701694915254237,1.5044520547945206
840,GB,Liverpool,2023,,3.4,30.3,6.0,17.0,1.1
841,GB,London,2016,6.616666666666667,31.066666666666666,4.333333333333333,29.666666666666668,72.16666666666667,3.1666666666666665
842,GB,London,2017,3.6868852459016397,19.11639344262295,12.974316939890711,21.48633879781421,52.89071038251366,2.6437158469945357
843,GB,London,2018,5.051912568306011,17.845901639344262,14.61311475409836,19.7103825136612,49.612021857923494,1.744262295081967
844,GB,London,2019,6.265860215053764,15.736729222520108,12.355764075067023,16.25201072386059,41.166219839142094,1.8152815013404826
845,GB,London,2020,4.321969696969697,11.77449494949495,16.35833333333333,14.992424242424242,36.676767676767675,1.9199494949494949
846,GB,London,2021,5.3860465116279075,11.824164524421596,15.68586118251928,15.077120822622108,37.33419023136247,1.312853470437018
847,GB,London,2022,3.0773972602739725,10.367457627118645,15.86949152542373,14.711864406779661,34.94915254237288,0.9715254237288137
848,GB,London,2023,3.4,5.1,22.4,15.0,34.0,1.0
849,GB,Manchester,2016,,22.366666666666664,5.483333333333333,21.833333333333332,52.666666666666664,1.7833333333333332
850,GB,Manchester,2017,,13.052459016393442,12.436065573770493,15.469945355191257,38.92857142857143,2.3826589595375722
851,GB,Manchester,2018,,13.98415300546448,15.455191256830602,18.715846994535518,45.60655737704918,2.902185792349727
852,GB,Manchester,2019,,14.297319034852546,11.57426273458445,16.17426273458445,35.970509383378015,2.8331506849315065
853,GB,Manchester,2020,,9.773417721518987,14.46379746835443,14.354430379746836,31.59240506329114,3.662404092071611
854,GB,Manchester,2021,,10.78483290488432,13.78483290488432,14.593830334190232,33.75064267352185,1.632010582010582
855,GB,Manchester,2022,,9.314237288135592,15.511864406779662,14.291525423728814,33.5728813559322,0.8272413793103448
856,GB,Manchester,2023,,6.4,18.5,9.0,24.0,0.6
857,GB,Newport,2016,,11.85,7.383333333333333,22.666666666666668,59.833333333333336,
858,GB,Newport,2017,,7.059016393442623,22.085714285714285,14.513661202185792,45.40449438202247,
859,GB,Newport,2018,1.3326530612244898,6.437158469945355,24.86939890710383,14.04945054945055,44.89795918367347,2.012244897959184
860,GB,Newport,2019,1.4337175792507204,8.058981233243967,21.005361930294907,13.563002680965148,33.911528150134046,1.7616847826086959
861,GB,Newport,2020,3.303921568627451,6.3805555555555555,24.716317991631797,11.792929292929292,28.593434343434343,2.147554347826087
862,GB,Newport,2021,1.636182336182336,6.096344647519582,,10.496143958868895,27.362467866323907,1.2723032069970845
863,GB,Newport,2022,1.0207612456747406,5.49864406779661,,10.894915254237288,25.857627118644068,1.6370748299319728
864,GB,Newport,2023,1.1,2.3,,15.0,31.0,1.1
865,GB,Norwich,2016,,11.733333333333334,9.950000000000001,18.333333333333332,58.666666666666664,
866,GB,Norwich,2017,,6.42568306010929,20.91311475409836,17.834285714285713,51.87931034482759,
867,GB,Norwich,2018,,6.067213114754098,22.009836065573772,16.44808743169399,46.9344262295082,
868,GB,Norwich,2019,,6.194919786096257,20.513368983957218,13.018716577540108,35.973262032085564,
869,GB,Norwich,2020,,5.594147582697201,21.72025316455696,13.106060606060606,33.82828282828283,
870,GB,Norwich,2021,,3.8708894878706195,22.069028871391072,13.68766404199475,38.0761154855643,
871,GB,Norwich,2022,,3.528813559322034,23.66406779661017,12.13840830449827,31.968858131487888,
872,GB,Norwich,2023,,1.9,28.7,12.0,28.0,
873,GB,Plymouth,2016,,14.366666666666665,7.383333333333334,20.666666666666668,54.666666666666664,
874,GB,Plymouth,2017,,8.06775956284153,22.132786885245903,15.681818181818182,37.53333333333333,
875,GB,Plymouth,2018,,8.001639344262294,24.830601092896174,15.977900552486188,37.751381215469614,
876,GB,Plymouth,2019,,7.914824797843666,21.51086956521739,15.612637362637363,38.467032967032964,
877,GB,Plymouth,2020,,5.9134517766497465,23.258883248730964,14.621483375959079,33.969309462915604,
878,GB,Plymouth,2021,,5.236760925449871,22.219280205655526,14.387596899224807,31.498708010335918,
879,GB,Plymouth,2022,,5.857142857142857,23.36904761904762,15.627118644067796,30.73220338983051,
880,GB,Plymouth,2023,,2.8,30.9,28.0,38.0,
881,GB,Preston,2016,,14.883333333333333,10.383333333333335,11.333333333333334,54.833333333333336,
882,GB,Preston,2017,,8.576502732240437,20.866483516483516,10.940397350993377,37.93258426966292,
883,GB,Preston,2018,,9.095081967213115,24.229508196721312,12.257425742574258,42.54644808743169,2.8734693877551023
884,GB,Preston,2019,,9.402150537634409,18.406720430107526,10.756345177664974,32.82210242587601,1.6187845303867403
885,GB,Preston,2020,,6.966919191919192,20.417676767676767,12.090909090909092,29.434343434343436,2.9441767068273093
886,GB,Preston,2021,,7.258354755784062,20.522365038560412,12.54241645244216,32.203084832904885,2.220408163265306
887,GB,Preston,2022,,6.114237288135594,20.907457627118642,12.142372881355932,29.64406779661017,1.459726962457338
888,GB,Preston,2023,,3.7,24.8,6.0,17.0,1.1
889,GB,Reading,2016,,25.133333333333336,5.2,23.5,72.66666666666667,
890,GB,Reading,2017,,14.533333333333333,18.77377049180328,13.3551912568306,44.31460674157304,
891,GB,Reading,2018,4.6571428571428575,12.31912568306011,22.16775956284153,13.293103448275861,38.270114942528735,
892,GB,Reading,2019,,10.476190476190476,15.632340425531915,13.542857142857143,32.31506849315068,
893,GB,Reading,2020,,6.494177215189873,19.945822784810126,14.193211488250652,23.430851063829788,
894,GB,Reading,2021,,8.090463917525772,16.537402597402597,13.395287958115183,29.807894736842105,
895,GB,Reading,2022,,9.537918215613383,18.07898305084746,13.473684210526315,23.072413793103447,
896,GB,Reading,2023,,3.6,23.8,18.0,25.0,
897,GB,Sheffield,2016,,10.933333333333332,12.283333333333333,20.666666666666668,56.166666666666664,
898,GB,Sheffield,2017,,8.021311475409837,19.987362637362637,15.324175824175825,39.90659340659341,
899,GB,Sheffield,2018,,9.597814207650273,22.944808743169396,16.633879781420767,41.73224043715847,0.7714285714285715
900,GB,Sheffield,2019,2.6,9.426075268817204,18.44951768488746,12.656756756756756,35.888888888888886,
901,GB,Sheffield,2020,,7.114177215189873,20.844162436548224,11.769620253164558,31.810126582278482,
902,GB,Sheffield,2021,4.685714285714285,8.275578406169666,20.859948320413437,12.205655526992288,34.544987146529564,
903,GB,Sheffield,2022,,6.442372881355932,19.39322033898305,11.664406779661016,30.596610169491527,
904,GB,Sheffield,2023,,3.5,24.0,6.0,25.0,
905,GB,Southend-on-Sea,2016,,16.683333333333334,8.299999999999999,,56.333333333333336,
906,GB,Southend-on-Sea,2017,,7.284699453551912,20.052459016393442,17.550898203592816,45.56284153005465,2.289473684210526
907,GB,Southend-on-Sea,2018,,6.557377049180328,22.73879781420765,18.19774011299435,41.48087431693989,3.554970760233918
908,GB,Southend-on-Sea,2019,,6.222043010752688,19.816397849462366,13.013513513513514,36.06989247311828,2.5676712328767124
909,GB,Southend-on-Sea,2020,,4.877215189873418,21.84,12.79240506329114,32.96708860759494,1.953021978021978
910,GB,Southend-on-Sea,2021,10.385714285714286,4.925449871465296,21.073007712082262,13.974293059125964,38.17737789203085,2.2986945169712794
911,GB,Southend-on-Sea,2022,,4.506101694915254,22.358983050847456,12.494915254237288,32.342372881355935,0.8486111111111111
912,GB,Southend-on-Sea,2023,,1.0,28.5,14.0,34.0,1.3
913,GB,Swansea,2016,15.883333333333335,16.866666666666667,14.5,22.333333333333332,63.5,1.4333333333333336
914,GB,Swansea,2017,7.523033707865168,9.302732240437159,22.6195530726257,19.256830601092897,50.22950819672131,2.170414201183432
915,GB,Swansea,2018,5.526775956284153,8.193989071038251,25.15027624309392,18.726775956284154,46.07103825136612,1.81731843575419
916,GB,Swansea,2019,4.011859838274932,7.573458445040215,22.13753351206434,16.431635388739945,37.41286863270778,1.5105121293800539
917,GB,Swansea,2020,2.653174603174603,5.572151898734178,21.779441624365482,16.353535353535353,32.22222222222222,2.0750636132315523
918,GB,Swansea,2021,3.872750642673522,6.030334190231363,21.117994858611823,16.095115681233935,37.22107969151671,1.5792650918635172
919,GB,Swansea,2022,2.3550561797752807,5.283389830508474,21.669395017793594,16.233898305084747,31.928813559322034,1.0420289855072464
920,GB,Swansea,2023,7.1,5.1,24.6,35.0,46.0,4.6
921,GE,Tbilisi,2019,8.538709677419355,13.593548387096773,7.296774193548386,47.806451612903224,102.12903225806451,2.3
922,GE,Tbilisi,2020,3.527027027027027,11.073986486486486,13.312162162162162,40.79801324503311,75.85761589403974,1.6061016949152542
923,GE,Tbilisi,2021,3.7007712082262207,10.30745501285347,16.17146529562982,37.26221079691517,68.26735218508998,3.627906976744186
924,GE,Tbilisi,2022,3.7989830508474576,12.59728813559322,17.120338983050846,31.833898305084745,55.09830508474576,3.912542372881356
925,GE,Tbilisi,2023,7.1,17.8,7.9,44.0,84.0,5.8
926,GR,Athens,2019,0.1,20.68148148148148,29.181132075471698,40.61818181818182,80.97368421052632,9.073076923076924
927,GR,Athens,2020,0.1,10.649113924050631,28.695696202531643,19.52151898734177,47.63544303797468,4.193229166666666
928,GR,Athens,2021,0.1,10.582428940568475,31.338501291989665,24.697674418604652,54.405684754521964,3.9237726098191215
929,GR,Athens,2022,0.1,11.132302405498281,31.546735395189003,26.34020618556701,54.92783505154639,2.87319587628866
930,GR,Athens,2023,0.1,10.1,14.7,22.0,65.0,3.1
931,GR,Thessaloníki,2019,,20.03518518518519,25.714545454545455,40.18181818181818,71.41818181818182,11.668
932,GR,Thessaloníki,2020,,9.048941798941799,26.63238341968912,21.813471502590673,49.301587301587304,2.8146706586826347
933,GR,Thessaloníki,2021,,8.797142857142857,21.34342857142857,22.348284960422163,51.145118733509236,3.8900602409638556
934,GR,Thessaloníki,2022,0.1,11.517117117117118,22.127433628318585,25.120967741935484,50.104838709677416,5.4476635514018685
935,GR,Thessaloníki,2023,,13.8,22.0,33.0,95.0,5.1
936,HR,Rijeka,2016,0.1,2.2600000000000002,26.46,10.6,32.8,1.8199999999999998
937,HR,Rijeka,2017,0.09999999999999999,3.951461988304094,32.687709497206704,14.64245810055866,43.06622516556291,2.1145251396648046
938,HR,Rijeka,2018,0.1,3.8677595628415298,28.936612021857922,15.617486338797814,44.04242424242424,2.876502732240437
939,HR,Rijeka,2019,0.1,3.8303763440860217,26.944535519125687,14.405913978494624,35.877049180327866,2.506720430107527
940,HR,Rijeka,2020,0.1,2.5330769230769232,24.869712793733683,12.313471502590673,34.812987012987016,3.4059125964010284
941,HR,Rijeka,2021,0.1,3.2280205655526992,27.43496143958869,11.881748071979434,31.688946015424165,3.1565552699228796
942,HR,Rijeka,2022,0.1,3.734237288135593,31.31593220338983,11.328813559322034,34.29081632653061,3.39864406779661
943,HR,Rijeka,2023,0.1,7.9,4.2,40.0,105.0,3.9
944,HR,Split,2016,,2.62,,,,0.9400000000000001
945,HR,Split,2017,,6.185310734463276,,,,1.431638418079096
946,HR,Split,2018,,5.076666666666666,,,,1.7866666666666668
947,HR,Split,2019,,6.06890756302521,,,,2.3861189801699716
948,HR,Split,2020,,4.546321525885559,,,,2.234933333333333
949,HR,Split,2021,,5.041842105263158,,,,1.8532981530343007
950,HR,Split,2022,,5.680710659898477,,,,2.021393034825871
951,HR,Split,2023,,6.1,,,,1.1
952,HR,Zagreb,2016,0.1,24.139999999999997,12.64,30.0,,2.04
953,HR,Zagreb,2017,0.1,15.824844720496895,28.39875,21.478021978021978,,1.5438888888888889
954,HR,Zagreb,2018,0.1,14.872093023255815,22.72514619883041,19.071428571428573,,1.028021978021978
955,HR,Zagreb,2019,0.09999999999999999,14.411538461538463,19.982228915662652,17.934065934065934,,1.6302197802197802
956,HR,Zagreb,2020,0.1,10.324289405684755,19.44935064935065,17.496124031007753,,1.52687338501292
957,HR,Zagreb,2021,0.1,12.941709844559586,16.063612565445027,20.632124352331605,66.46496815286625,2.4238341968911916
958,HR,Zagreb,2022,0.1,11.75807560137457,18.35017182130584,16.81786941580756,57.47766323024055,2.635294117647059
959,HR,Zagreb,2023,,5.9,16.5,18.0,56.0,1.3
960,HU,Budapest,2016,6.033333333333334,13.4,12.700000000000001,23.166666666666668,,1.95
961,HU,Budapest,2017,4.784699453551912,14.010928961748634,15.352459016393443,25.371584699453553,65.06024096385542,2.1191256830601093
962,HU,Budapest,2018,5.6005464480874325,10.201092896174863,16.595628415300546,24.650273224043715,56.33879781420765,2.47103825136612
963,HU,Budapest,2019,4.776407506702412,11.197587131367293,15.103217158176944,19.839142091152816,44.65951742627346,2.099195710455764
964,HU,Budapest,2020,4.519949494949495,9.787878787878787,17.2229797979798,18.992424242424242,48.47222222222222,2.4757575757575756
965,HU,Budapest,2021,4.808785529715762,9.779586563307493,18.453092783505156,18.958656330749353,50.38501291989664,2.3103092783505152
966,HU,Budapest,2022,4.201388888888889,8.223611111111111,24.022222222222222,15.61574074074074,37.46296296296296,2.223148148148148
967,HU,Debrecen,2016,9.4,12.15,11.516666666666666,24.666666666666668,,1.4166666666666667
968,HU,Debrecen,2017,4.440983606557377,11.90327868852459,21.24590163934426,25.633879781420767,,1.6469945355191256
969,HU,Debrecen,2018,3.741436464088398,9.414917127071822,23.10276243093923,21.049723756906076,66.25735294117646,1.880110497237569
970,HU,Debrecen,2019,4.185636856368563,10.284010840108401,18.700542005420054,21.796747967479675,,1.1880108991825613
971,HU,Debrecen,2020,3.727735368956743,8.787373737373738,19.78762626262626,19.088383838383837,,1.2646464646464646
972,HU,Debrecen,2021,4.0519480519480515,8.72103896103896,20.683376623376624,17.594805194805193,,1.3488311688311687
973,HU,Debrecen,2022,4.704587155963302,5.612844036697247,23.81330275229358,15.302752293577981,,1.5137614678899083
974,HU,Győr,2016,5.0,3.983333333333333,11.666666666666666,21.666666666666668,,1.2166666666666666
975,HU,Győr,2017,5.149720670391061,11.221511627906976,18.6072625698324,23.491620111731844,42.7687074829932,1.788826815642458
976,HU,Győr,2018,4.743169398907104,11.877710843373494,18.459562841530055,21.743169398907103,23.75409836065574,1.1825136612021858
977,HU,Győr,2019,5.597916666666666,9.922360248447205,18.191847826086956,19.33695652173913,41.370558375634516,1.337771739130435
978,HU,Győr,2020,5.512020460358055,8.42142857142857,16.305357142857144,16.71938775510204,49.38775510204081,1.2512755102040816
979,HU,Győr,2021,5.61012987012987,9.061016949152542,14.92987012987013,19.192207792207792,49.83896103896104,1.3353246753246755
980,HU,Győr,2022,9.191743119266055,8.652,10.836238532110093,18.041284403669724,40.50697674418605,1.6532110091743117
981,HU,Kecskemét,2016,,8.783333333333333,17.483333333333334,27.0,,
982,HU,Kecskemét,2017,4.288622754491018,8.594972067039107,26.48633879781421,27.279329608938546,,3.7175757575757573
983,HU,Kecskemét,2018,4.7295454545454545,7.317318435754189,28.676502732240436,26.620111731843576,53.31147540983606,1.8279329608938546
984,HU,Kecskemét,2019,4.876164383561644,5.493972602739726,21.656130790190737,19.616438356164384,39.90582959641256,1.8861189801699716
985,HU,Kecskemét,2020,3.712373737373737,3.388888888888889,22.2020202020202,16.634517766497463,40.154666666666664,2.591919191919192
986,HU,Kecskemét,2021,3.7206718346253234,4.206788511749347,23.169072164948453,20.39018087855297,49.979757085020246,2.588917525773196
987,HU,Kecskemét,2022,3.8279792746113985,5.4773148148148145,28.248623853211008,16.394495412844037,39.895,1.2393518518518518
988,HU,Miskolc,2016,8.633333333333333,9.25,13.200000000000001,34.166666666666664,,6.099999999999999
989,HU,Miskolc,2017,6.408187134502923,9.369590643274854,20.42105263157895,31.72514619883041,73.63461538461539,4.604678362573099
990,HU,Miskolc,2018,5.352459016393443,7.211475409836066,19.3775956284153,27.185792349726775,73.44808743169399,3.4010928961748634
991,HU,Miskolc,2019,5.002412868632708,6.581233243967829,15.173726541554961,23.81769436997319,61.420911528150135,2.888471849865952
992,HU,Miskolc,2020,4.784848484848485,5.887626262626263,13.772474747474746,23.343434343434343,61.946969696969695,2.1643939393939395
993,HU,Miskolc,2021,4.671391752577319,6.702577319587629,15.613917525773195,25.45618556701031,68.27061855670104,2.207474226804124
994,HU,Miskolc,2022,3.553456221198157,4.576036866359447,22.204608294930875,16.502304147465438,43.95852534562212,1.36036866359447
995,HU,Pécs,2016,5.275,7.7,19.1,16.0,,1.225
996,HU,Pécs,2017,5.236263736263736,10.709890109890111,22.213736263736266,21.686813186813186,63.75,2.0835164835164837
997,HU,Pécs,2018,4.287845303867403,8.035911602209945,20.738121546961324,19.193370165745858,55.294520547945204,2.610497237569061
998,HU,Pécs,2019,4.182085561497326,10.053475935828876,16.425935828877005,19.171122994652407,53.73390557939914,1.3882352941176472
999,HU,Pécs,2020,4.2987373737373735,7.273737373737374,16.708838383838383,19.03030303030303,49.036458333333336,1.7815656565656566
1000,HU,Pécs,2021,4.461082474226805,7.629639175257733,21.378092783505156,19.193298969072163,50.407407407407405,2.042525773195876
1001,HU,Pécs,2022,3.814883720930233,7.9876146788990825,25.124770642201835,14.903225806451612,35.48095238095238,2.161467889908257
1002,HU,Szeged,2016,2.8166666666666664,5.8500000000000005,13.950000000000001,19.833333333333332,,4.516666666666667
1003,HU,Szeged,2017,2.647777777777778,5.342777777777778,17.870555555555555,27.572222222222223,127.0,4.698876404494382
1004,HU,Szeged,2018,4.196648044692738,6.051396648044693,13.727932960893856,24.34078212290503,59.68156424581006,3.6196319018404908
1005,HU,Szeged,2019,3.026243093922652,5.931780821917808,12.465753424657533,23.257534246575343,51.476584022038566,4.57134670487106
1006,HU,Szeged,2020,3.001269035532995,5.684263959390862,12.603299492385787,20.67766497461929,52.62021857923497,4.549492385786802
1007,HU,Szeged,2021,3.084237726098191,5.111369509043928,15.563254593175854,20.087855297157624,61.96989966555184,5.254521963824289
1008,HU,Szeged,2022,2.503030303030303,4.387951807228916,21.076506024096386,17.349397590361445,46.99393939393939,6.172289156626506
1009,IE,Dublin,2018,,10.216363636363637,25.177692307692308,12.697916666666666,41.28125,1.009090909090909
1010,IE,Dublin,2019,,8.961647727272727,21.188524590163933,11.902912621359222,37.11363636363637,0.565625
1011,IE,Dublin,2020,,5.821337579617834,21.52023460410557,9.353503184713375,24.76038338658147,0.6082508250825083
1012,IE,Dublin,2021,,5.945526315789474,22.553543307086613,10.91875,27.36842105263158,0.5189473684210526
1013,IE,Dublin,2022,,5.8657480314960635,22.429007633587783,9.718146718146718,24.458015267175572,0.8689814814814816
1014,IE,Dublin,2023,,2.9,28.2,14.0,51.0,1.4
1015,IS,Reykjavík,2016,,4.366666666666666,,11.5,18.333333333333332,1.1833333333333333
1016,IS,Reykjavík,2018,,3.4601092896174865,,8.114754098360656,15.612021857923498,1.1311475409836065
1017,IS,Reykjavík,2019,0.1,3.1194719471947194,,7.448844884488449,14.382838283828383,1.0907590759075907
1018,IS,Reykjavík,2020,0.1,3.069620253164557,,8.12532637075718,13.525490196078431,1.7084398976982098
1019,IS,Reykjavík,2021,0.1,2.303926701570681,,9.518324607329843,16.664921465968586,2.049476439790576
1020,IS,Reykjavík,2022,0.1,2.4491525423728815,,5.3694915254237285,13.498305084745763,2.193898305084746
1021,IS,Reykjavík,2023,0.1,2.4,,5.0,23.0,1.8
1022,IT,Bologna,2017,0.1,20.153888888888886,27.86759776536313,17.288888888888888,79.58333333333333,
1023,IT,Bologna,2018,0.1,20.30054644808743,22.728415300546448,13.80327868852459,71.8688524590164,
1024,IT,Bologna,2019,0.1,17.28034682080925,29.41764705882353,19.546242774566473,48.714285714285715,
1025,IT,Bologna,2020,0.09999999999999999,16.299242424242426,25.898727735368958,20.76010101010101,49.09873417721519,
1026,IT,Bologna,2021,0.1,15.982687338501293,26.547927461139896,20.875968992248062,48.66925064599483,
1027,IT,Bologna,2022,0.1,13.269830508474575,32.86915254237288,19.891525423728815,41.44406779661017,
1028,IT,Bologna,2023,0.1,12.4,6.5,43.0,95.0,
1029,IT,Brescia,2016,0.10000000000000002,27.933333333333337,13.799999999999999,35.166666666666664,80.33333333333333,3.4333333333333336
1030,IT,Brescia,2017,0.1,29.200000000000003,35.905084745762714,31.808743169398905,77.16939890710383,2.4670520231213873
1031,IT,Brescia,2018,0.1,22.807262569832403,33.032000000000004,28.491620111731844,69.59217877094972,1.7147239263803682
1032,IT,Brescia,2019,0.09999999999999999,23.14917127071823,31.878097982708937,25.30939226519337,61.95290858725762,2.4109324758842443
1033,IT,Brescia,2020,0.1,19.29847328244275,35.315104166666664,24.104060913705585,62.065989847715734,2.5053072625698323
1034,IT,Brescia,2021,0.1,20.46701298701299,38.86404199475066,24.789610389610388,58.17142857142857,3.0541436464088396
1035,IT,Brescia,2022,0.1,17.61593220338983,41.9121107266436,23.43728813559322,49.96271186440678,2.796057347670251
1036,IT,Brescia,2023,0.1,8.7,2.5,60.0,157.0,1.6
1037,IT,Florence,2017,0.09999999999999999,23.99889502762431,45.25,18.226519337016576,47.69060773480663,2.053672316384181
1038,IT,Florence,2018,0.1,20.36174863387978,44.3375,17.85792349726776,45.12021857923497,1.7401098901098901
1039,IT,Florence,2019,0.09999999999999999,21.04220430107527,,17.336927223719677,44.92722371967655,0.9561253561253562
1040,IT,Florence,2020,0.09999999999999999,16.58207792207792,,16.455729166666668,45.02597402597402,0.8682666666666667
1041,IT,Florence,2021,0.09999999999999999,19.658421052631578,,16.21808510638298,42.37894736842105,1.8578461538461537
1042,IT,Florence,2022,0.1,16.84965986394558,,18.594405594405593,42.334470989761094,1.0169014084507042
1043,IT,Florence,2023,0.1,10.1,,34.0,85.0,1.1
1044,IT,Livorno,2017,0.1,19.33038674033149,36.14309392265193,19.325966850828728,45.87845303867403,
1045,IT,Livorno,2018,0.1,17.108743169398906,32.576502732240435,18.005464480874316,41.46448087431694,3.0328000000000004
1046,IT,Livorno,2019,0.1,18.810752688172045,25.308474576271188,18.666666666666668,42.55913978494624,2.3779661016949154
1047,IT,Livorno,2020,0.1,16.6220207253886,,17.263959390862944,41.43523316062176,
1048,IT,Livorno,2021,0.10000000000000002,16.657812500000002,,17.023376623376624,38.752604166666664,
1049,IT,Livorno,2022,0.1,14.637627118644069,,17.089041095890412,37.34576271186441,
1050,IT,Livorno,2023,0.1,10.1,,33.0,70.0,
1051,IT,Milan,2016,0.10000000000000002,44.46666666666667,11.950000000000001,47.833333333333336,118.83333333333333,3.1833333333333336
1052,IT,Milan,2017,0.1,34.57158469945355,33.62622950819672,34.44808743169399,84.02732240437159,1.746067415730337
1053,IT,Milan,2018,0.1,28.678212290502792,27.829050279329607,29.022346368715084,69.98882681564245,1.3735294117647059
1054,IT,Milan,2019,0.1,29.14889502762431,29.2439226519337,27.26795580110497,64.32872928176796,1.9725761772853185
1055,IT,Milan,2020,0.10000000000000002,25.886294416243658,31.279949238578677,28.934010152284262,69.10659898477158,2.2091370558375636
1056,IT,Milan,2021,0.1,26.69766233766234,31.301818181818184,27.085714285714285,62.093506493506496,2.005194805194805
1057,IT,Milan,2022,0.1,22.58135593220339,35.463389830508476,25.983050847457626,58.52203389830508,1.7728813559322034
1058,IT,Milan,2023,0.1,16.0,0.9,52.0,132.0,1.1
1059,IT,Modena,2017,0.1,27.190555555555555,33.35666666666667,18.16111111111111,90.08333333333333,
1060,IT,Modena,2018,0.1,25.750819672131147,27.997814207650276,15.918032786885245,85.93442622950819,
1061,IT,Modena,2019,0.10000000000000002,22.520231213872833,30.269803921568627,23.90751445086705,59.281899109792285,
1062,IT,Modena,2020,0.1,20.51742424242424,28.794444444444444,25.891414141414142,60.40151515151515,
1063,IT,Modena,2021,0.10000000000000002,20.10387596899225,29.554005167958657,25.71576227390181,58.987080103359176,
1064,IT,Modena,2022,0.1,17.06,33.526101694915255,24.061016949152542,51.335593220338986,
1065,IT,Modena,2023,,11.9,7.4,43.0,89.0,
1066,IT,Naples,2018,,12.31359223300971,28.62022471910112,27.392156862745097,45.254901960784316,1.614705882352941
1067,IT,Naples,2019,4.8839762611275965,13.377005347593583,22.657754010695186,28.486725663716815,56.30088495575221,1.5403743315508023
1068,IT,Naples,2020,4.830886075949367,11.395189873417722,20.714430379746833,28.037974683544302,58.946835443037976,1.529367088607595
1069,IT,Naples,2021,4.628020565552699,12.953727506426736,20.23547557840617,29.12082262210797,57.904884318766065,1.5961439588688946
1070,IT,Naples,2022,4.1926174496644295,12.35234899328859,28.71543624161074,26.530201342281877,51.83221476510067,1.153020134228188
1071,IT,Parma,2017,0.1,17.893333333333334,33.405,19.333333333333332,89.36111111111111,
1072,IT,Parma,2018,0.1,14.87049180327869,28.824590163934424,16.382513661202186,80.93989071038251,
1073,IT,Parma,2019,0.1,15.334492753623188,28.997647058823528,23.0,58.773529411764706,6.109345794392523
1074,IT,Parma,2020,0.1,16.106313131313133,27.75631313131313,24.876262626262626,60.20454545454545,5.1
1075,IT,Parma,2021,0.1,16.697674418604652,28.536950904392764,24.51937984496124,56.62015503875969,5.1
1076,IT,Parma,2022,0.1,14.301016949152544,33.239999999999995,23.56949152542373,51.94915254237288,5.1
1077,IT,Parma,2023,0.1,11.0,6.5,31.0,82.0,
1078,IT,Prato,2017,0.1,24.501657458563535,41.81104651162791,20.834254143646408,55.232044198895025,
1079,IT,Prato,2018,0.1,22.873224043715847,33.14715909090909,21.6775956284153,55.377049180327866,1.672
1080,IT,Prato,2019,0.1,21.160752688172042,19.691525423728812,20.542465753424658,52.346774193548384,
1081,IT,Prato,2020,0.1,18.414766839378238,,17.801652892561982,51.748704663212436,
1082,IT,Prato,2021,0.1,18.015968586387437,,17.71505376344086,48.42931937172775,
1083,IT,Prato,2022,0.1,16.61156462585034,,18.65625,46.43877551020408,0.75
1084,IT,Prato,2023,0.1,15.6,,,151.0,
1085,IT,Rome,2016,0.1,25.48333333333333,7.216666666666666,30.5,77.5,0.2333333333333333
1086,IT,Rome,2017,0.1,16.872677595628414,20.845901639344262,21.584699453551913,52.68852459016394,0.38076923076923075
1087,IT,Rome,2018,0.1,14.150819672131147,16.615300546448086,21.80327868852459,50.0,0.37158469945355194
1088,IT,Rome,2019,0.09999999999999999,13.572192513368984,18.38235294117647,21.06951871657754,47.6951871657754,0.3723860589812333
1089,IT,Rome,2020,0.1,11.245822784810127,18.515696202531647,21.556962025316455,48.62278481012658,0.3652284263959391
1090,IT,Rome,2021,0.1,10.751047120418848,18.994502617801047,20.74869109947644,44.54188481675393,0.6227748691099476
1091,IT,Rome,2022,0.1,10.436949152542374,21.367796610169492,20.416949152542372,44.58305084745763,1.1528813559322035
1092,IT,Rome,2023,0.1,13.3,6.1,47.0,97.0,1.0
1093,IT,Trieste,2018,,,,19.226744186046513,50.133720930232556,1.3776
1094,IT,Trieste,2019,,,,17.602240896358545,44.17977528089887,2.3980620155038763
1095,IT,Trieste,2020,,,,17.127118644067796,45.69034090909091,1.0314814814814814
1096,IT,Trieste,2021,,,,15.338753387533876,40.57808219178082,1.3083565459610027
1097,IT,Trieste,2022,,,,14.371069182389936,35.51898734177215,1.66875
1098,IT,Turin,2016,0.1,,,,124.0,
1099,IT,Turin,2017,0.1,,,,75.80327868852459,
1100,IT,Turin,2018,0.1,,,,68.90163934426229,
1101,IT,Turin,2019,0.1,,,,62.78436657681941,
1102,IT,Turin,2020,0.1,,,,66.00769230769231,
1103,IT,Turin,2021,0.1,18.616666666666667,6.03125,,57.1811320754717,3.2687500000000003
1104,IT,Turin,2022,0.1,11.288380281690142,24.381338028169015,21.806451612903224,55.00754716981132,2.9100358422939068
1105,LT,Kaunas,2016,,,18.816666666666666,,,0.9500000000000001
1106,LT,Kaunas,2017,,,18.083333333333332,,,0.8679012345679012
1107,LT,Kaunas,2018,,,21.94808743169399,22.179856115107913,46.21739130434783,1.7307692307692308
1108,LT,Kaunas,2019,,,20.033689839572194,25.113573407202217,46.795013850415515,1.8700534759358287
1109,LT,Kaunas,2020,,,20.305555555555557,16.84180790960452,37.70056497175141,1.7527777777777778
1110,LT,Kaunas,2021,0.1,,20.867866323907457,21.518421052631577,40.18157894736842,3.340874035989717
1111,LT,Kaunas,2022,0.10000000000000002,,20.53966101694915,20.847926267281107,36.576036866359445,4.943728813559322
1112,LT,Kaunas,2023,,,22.6,18.0,42.0,1.4
1113,MK,Skopje,2016,0.10000000000000002,6.133333333333334,11.450000000000001,38.833333333333336,74.33333333333333,3.4166666666666665
1114,MK,Skopje,2017,5.936065573770492,7.03551912568306,11.507103825136612,50.90163934426229,101.5846994535519,1.5868852459016392
1115,MK,Skopje,2018,0.10000000000000002,6.35207100591716,11.972781065088759,39.781065088757394,78.89940828402366,1.1485207100591717
1116,MK,Skopje,2019,0.4516216216216216,6.837567567567568,12.765135135135136,37.25675675675676,84.65135135135135,1.3808108108108108
1117,MK,Skopje,2020,4.5629533678756475,6.676424870466321,12.505440414507772,34.28238341968912,79.17357512953367,1.3590673575129535
1118,MK,Skopje,2021,4.313246753246753,7.811688311688312,14.273506493506494,32.17142857142857,73.78181818181818,1.2425974025974025
1119,MK,Skopje,2022,4.035862068965518,6.062676056338028,10.602768166089964,29.855172413793102,63.78200692041523,1.2186206896551723
1120,MK,Skopje,2023,18.0,9.2,1.8,63.0,151.0,1.3
1121,NL,Amsterdam,2016,3.6666666666666665,18.716666666666665,8.166666666666666,25.333333333333332,68.0,0.6833333333333335
1122,NL,Amsterdam,2017,2.724852071005917,13.961538461538462,17.838461538461537,19.37869822485207,50.79289940828402,0.6431952662721894
1123,NL,Amsterdam,2018,2.9292134831460674,11.92752808988764,19.982584269662922,21.297752808988765,53.89325842696629,0.4792134831460674
1124,NL,Amsterdam,2019,3.109090909090909,11.83475935828877,17.25053475935829,16.61764705882353,40.57754010695187,0.3315508021390374
1125,NL,Amsterdam,2020,3.0608585858585857,9.090656565656566,19.348737373737375,15.002525252525253,36.26767676767677,0.29747474747474745
1126,NL,Amsterdam,2021,3.1282776349614396,9.144473007712081,19.738817480719792,15.007712082262211,38.462025316455694,0.33153153153153153
1127,NL,Amsterdam,2022,2.5233898305084743,9.056271186440677,19.873898305084747,13.972881355932204,32.827118644067795,0.3254237288135593
1128,NL,Amsterdam,2023,2.0,4.9,23.8,15.0,35.0,0.5
1129,NL,Breda,2016,,13.383333333333333,6.983333333333333,28.166666666666668,63.666666666666664,
1130,NL,Breda,2017,,10.536612021857923,18.39702380952381,20.639344262295083,44.05464480874317,
1131,NL,Breda,2018,,9.600546448087432,21.27457627118644,21.229508196721312,50.557377049180324,
1132,NL,Breda,2019,,9.705347593582887,16.860321715817694,17.176470588235293,37.537433155080215,
1133,NL,Breda,2020,,8.666414141414142,19.48712121212121,16.906565656565657,32.12626262626262,
1134,NL,Breda,2021,,8.79254498714653,19.0305912596401,16.835475578406168,37.96835443037975,
1135,NL,Breda,2022,,9.559999999999999,19.078911564625848,18.0135593220339,36.61224489795919,
1136,NL,Breda,2023,,3.2,22.5,23.0,18.0,
1137,NL,Dordrecht,2016,,13.450000000000001,7.866666666666667,26.166666666666668,75.16666666666667,
1138,NL,Dordrecht,2017,,9.714754098360656,18.253529411764706,19.44808743169399,44.141176470588235,
1139,NL,Dordrecht,2018,,8.748633879781421,20.020224719101122,19.80327868852459,44.056179775280896,
1140,NL,Dordrecht,2019,,8.261229946524063,18.30909090909091,15.435828877005347,32.96910112359551,
1141,NL,Dordrecht,2020,,7.052525252525253,19.998737373737374,15.244949494949495,34.20454545454545,
1142,NL,Dordrecht,2021,,7.088431876606684,19.781491002570693,15.0719794344473,37.575949367088604,
1143,NL,Dordrecht,2022,,6.547118644067797,20.136610169491526,15.271186440677965,35.68384879725086,
1144,NL,Dordrecht,2023,,2.9,23.2,23.0,17.0,
1145,NL,Eindhoven,2016,,16.0,7.0,28.0,58.333333333333336,
1146,NL,Eindhoven,2017,,11.277514792899408,17.71301775147929,20.615384615384617,43.36363636363637,
1147,NL,Eindhoven,2018,,9.832584269662922,19.418539325842698,21.286516853932586,50.11797752808989,
1148,NL,Eindhoven,2019,,9.334224598930481,18.82326203208556,17.978552278820377,42.447154471544714,
1149,NL,Eindhoven,2020,,7.319949494949494,19.84419191919192,16.300505050505052,36.54430379746835,
1150,NL,Eindhoven,2021,,7.495886889460155,19.253470437017995,16.825192802056556,43.53015873015873,
1151,NL,Eindhoven,2022,,6.721016949152543,19.871186440677967,17.050847457627118,48.802083333333336,
1152,NL,Eindhoven,2023,,2.7,21.6,15.0,22.0,
1153,NL,Groningen,2016,,11.549999999999999,14.366666666666667,32.666666666666664,52.666666666666664,
1154,NL,Groningen,2017,,7.282840236686391,21.672781065088756,22.16568047337278,38.93491124260355,
1155,NL,Groningen,2018,,6.569662921348315,22.72921348314607,23.03954802259887,43.550561797752806,
1156,NL,Groningen,2019,,6.454010695187166,21.957486631016042,20.06451612903226,31.46524064171123,
1157,NL,Groningen,2020,,5.4363636363636365,21.029545454545456,17.70959595959596,28.053030303030305,
1158,NL,Groningen,2021,,5.007712082262211,21.084575835475576,16.4987146529563,31.943037974683545,
1159,NL,Groningen,2022,,4.8254237288135595,20.882372881355934,16.47457627118644,30.48813559322034,
1160,NL,Groningen,2023,,2.6,23.4,24.0,26.0,
1161,NL,Haarlem,2016,3.233333333333334,14.5,10.25,27.333333333333332,64.0,0.8166666666666668
1162,NL,Haarlem,2017,2.484023668639053,10.762721893491126,19.692899408284024,20.24852071005917,48.18934911242604,0.7165680473372781
1163,NL,Haarlem,2018,2.615168539325843,10.073595505617977,21.19438202247191,22.6123595505618,52.674157303370784,0.6280898876404494
1164,NL,Haarlem,2019,2.4927807486631015,8.288770053475936,20.130748663101603,18.005347593582886,41.06951871657754,0.4612299465240642
1165,NL,Haarlem,2020,2.076010101010101,7.63560606060606,20.403787878787877,16.578282828282827,36.611111111111114,0.38737373737373737
1166,NL,Haarlem,2021,2.1205655526992286,7.574550128534704,20.365295629820054,15.848329048843187,38.186708860759495,0.37747747747747745
1167,NL,Haarlem,2022,1.8399999999999999,7.601694915254237,20.55830508474576,15.423728813559322,35.772881355932206,0.4494915254237288
1168,NL,Haarlem,2023,1.9,4.5,24.4,22.0,45.0,0.6
1169,NL,Maastricht,2016,,14.333333333333334,5.933333333333334,26.5,72.66666666666667,1.1833333333333333
1170,NL,Maastricht,2017,,9.081656804733727,18.36390532544379,18.83431952662722,48.31736526946108,1.2927710843373494
1171,NL,Maastricht,2018,,7.260674157303371,20.965730337078654,18.54494382022472,46.264044943820224,1.1696428571428572
1172,NL,Maastricht,2019,,6.545187165775402,19.71524064171123,15.36096256684492,38.31720430107527,0.37479892761394107
1173,NL,Maastricht,2020,,6.774494949494949,19.923737373737374,16.315656565656564,35.898989898989896,0.3284263959390863
1174,NL,Maastricht,2021,,7.237275064267353,18.626478149100258,16.853470437017997,40.61980830670927,0.23732718894009217
1175,NL,Maastricht,2022,,6.610508474576271,20.579661016949153,16.691525423728812,35.63356164383562,0.2694158075601375
1176,NL,Maastricht,2023,,4.0,22.6,13.0,21.0,0.1
1177,NL,Nijmegen,2016,4.05,16.400000000000002,7.633333333333333,27.166666666666668,61.666666666666664,
1178,NL,Nijmegen,2017,2.9000000000000004,12.743786982248519,18.103086419753087,22.183431952662723,44.337278106508876,
1179,NL,Nijmegen,2018,2.749438202247191,10.797191011235956,20.57784090909091,21.848314606741575,47.1123595505618,
1180,NL,Nijmegen,2019,2.8184491978609625,10.391978609625669,18.705898123324395,19.67924528301887,38.331550802139034,
1181,NL,Nijmegen,2020,2.7618181818181817,8.460606060606061,19.528535353535354,17.949494949494948,36.12373737373738,
1182,NL,Nijmegen,2021,,9.258354755784062,18.75115681233933,17.745501285347043,42.91772151898734,
1183,NL,Nijmegen,2022,,8.002372881355932,20.53593220338983,17.166101694915255,36.14915254237288,
1184,NL,Nijmegen,2023,,2.7,22.8,19.0,20.0,
1185,NL,Rotterdam,2016,,18.333333333333332,7.133333333333334,27.166666666666668,65.16666666666667,3.25
1186,NL,Rotterdam,2017,,15.314792899408284,16.571005917159763,19.875739644970412,46.92307692307692,1.7291666666666667
1187,NL,Rotterdam,2018,,13.17303370786517,18.309550561797753,22.719101123595507,54.2752808988764,1.3908571428571428
1188,NL,Rotterdam,2019,,12.400267379679144,17.42005347593583,17.89572192513369,43.24598930481283,1.0844262295081966
1189,NL,Rotterdam,2020,,10.963888888888889,18.319444444444443,17.45959595959596,37.166666666666664,0.9061068702290077
1190,NL,Rotterdam,2021,,11.424935732647816,18.089460154241646,18.061696658097688,40.212025316455694,0.7509174311926605
1191,NL,Rotterdam,2022,,10.545762711864407,18.93050847457627,17.14915254237288,34.04406779661017,0.6071428571428571
1192,NL,Rotterdam,2023,,5.9,20.8,18.0,29.0,0.7
1193,NL,The Hague,2016,,18.3,9.3,30.166666666666668,66.66666666666667,2.4
1194,NL,The Hague,2017,,14.457396449704143,18.11242603550296,20.857988165680474,47.15384615384615,1.645562130177515
1195,NL,The Hague,2018,,11.974719101123595,19.68258426966292,21.6123595505618,50.949438202247194,1.496045197740113
1196,NL,The Hague,2019,,11.123262032085563,18.61577540106952,18.157754010695186,38.836898395721924,0.8056300268096515
1197,NL,The Hague,2020,,9.2989898989899,20.073737373737373,16.068181818181817,33.04040404040404,0.7197943444730077
1198,NL,The Hague,2021,,9.361953727506426,20.152185089974292,16.125964010282775,35.677215189873415,0.584331797235023
1199,NL,The Hague,2022,,8.701694915254237,20.592881355932203,15.996610169491525,32.02033898305085,0.7343642611683848
1200,NL,The Hague,2023,,5.5,20.4,18.0,26.0,0.7
1201,NL,Utrecht,2016,2.8833333333333333,16.966666666666665,7.616666666666667,24.833333333333332,61.166666666666664,0.5333333333333333
1202,NL,Utrecht,2017,2.1970238095238095,11.408284023668639,17.08698224852071,19.076923076923077,42.19526627218935,0.5235294117647058
1203,NL,Utrecht,2018,2.1247191011235955,10.007865168539327,19.71292134831461,21.584269662921347,48.258426966292134,0.45
1204,NL,Utrecht,2019,1.9040983606557376,9.911229946524065,18.247593582887703,17.067204301075268,38.79144385026738,0.33877005347593586
1205,NL,Utrecht,2020,1.9240740740740743,9.06540404040404,18.747727272727275,15.833333333333334,35.994949494949495,0.2580808080808081
1206,NL,Utrecht,2021,,8.902313624678664,18.64035989717224,15.958868894601542,42.68354430379747,0.24774774774774774
1207,NL,Utrecht,2022,,8.007796610169493,19.962372881355932,15.145762711864407,39.7864406779661,0.30474576271186443
1208,NL,Utrecht,2023,,4.1,22.8,21.0,28.0,0.3
1209,NO,Bergen,2016,,7.3500000000000005,,16.666666666666668,31.166666666666668,
1210,NO,Bergen,2017,,14.001092896174862,,11.857923497267759,27.338797814207652,
1211,NO,Bergen,2018,,17.086338797814207,14.35,15.923497267759563,32.18032786885246,
1212,NO,Bergen,2019,,14.036657681940701,,11.197860962566844,23.885026737967916,
1213,NO,Bergen,2020,,5.8366161616161625,24.27980132450331,7.97979797979798,17.914141414141415,
1214,NO,Bergen,2021,,5.9,24.91660899653979,8.421917808219177,20.534246575342465,
1215,NO,Bergen,2022,,5.031972789115646,18.744736842105265,7.959183673469388,18.77891156462585,
1216,NO,Bergen,2023,,8.0,14.3,16.0,53.0,
1217,NO,Oslo,2016,,18.916666666666668,13.116666666666667,19.166666666666668,40.666666666666664,1.05
1218,NO,Oslo,2017,0.1,15.389617486338798,18.795081967213115,13.918032786885245,29.459016393442624,0.7895348837209303
1219,NO,Oslo,2018,0.1,13.108743169398908,20.489772727272726,16.218579234972676,33.96174863387978,0.7656862745098039
1220,NO,Oslo,2019,0.1,12.525935828877005,20.040840840840843,12.93048128342246,28.93850267379679,
1221,NO,Oslo,2020,0.1,9.462878787878788,,12.487373737373737,24.866161616161616,
1222,NO,Oslo,2021,0.1,9.512876712328767,,13.112328767123287,28.56986301369863,
1223,NO,Oslo,2022,0.1,8.141496598639456,,11.72108843537415,24.537414965986393,
1224,NO,Oslo,2023,,17.5,,15.0,54.0,
1225,NO,Stavanger,2016,,5.883333333333333,,21.0,50.666666666666664,
1226,NO,Stavanger,2017,,7.000617283950617,,11.896174863387978,28.6775956284153,
1227,NO,Stavanger,2018,,9.271153846153846,,12.262295081967213,31.80327868852459,
1228,NO,Stavanger,2019,,5.826900584795322,,9.219251336898395,25.47860962566845,
1229,NO,Stavanger,2020,,5.275757575757575,,7.891414141414141,23.901515151515152,
1230,NO,Stavanger,2021,,5.773972602739726,,9.693150684931506,29.243835616438357,
1231,NO,Stavanger,2022,,5.469047619047619,,7.860544217687075,22.700680272108844,
1232,NO,Stavanger,2023,,6.4,,7.0,25.0,
1233,NO,Trondheim,2016,,8.450000000000001,,5.5,14.0,
1234,NO,Trondheim,2017,,10.81584699453552,,10.415300546448087,19.103825136612024,
1235,NO,Trondheim,2018,,11.628961748633879,,12.60655737704918,24.91256830601093,
1236,NO,Trondheim,2019,,9.46524064171123,,9.540106951871659,20.59625668449198,
1237,NO,Trondheim,2020,,7.070959595959596,,8.174242424242424,17.603535353535353,
1238,NO,Trondheim,2021,,7.931780821917808,,9.602739726027398,20.898630136986302,
1239,NO,Trondheim,2022,,7.072164948453608,,11.79725085910653,19.439862542955325,
1240,NO,Trondheim,2023,,3.5,,8.0,22.0,
1241,PL,Bydgoszcz,2016,4.133333333333333,11.366666666666667,13.983333333333334,23.0,60.6,2.25
1242,PL,Bydgoszcz,2017,4.038759689922481,9.868217054263566,19.45891472868217,22.93798449612403,57.16822429906542,2.617829457364341
1243,PL,Bydgoszcz,2018,4.512021857923497,9.994535519125684,22.189071038251367,29.885245901639344,74.97267759562841,2.1136612021857926
1244,PL,Bydgoszcz,2019,3.7856756756756758,7.862533692722372,19.28214285714286,26.24661246612466,63.21739130434783,1.6735135135135137
1245,PL,Bydgoszcz,2020,3.3337628865979383,7.422727272727273,17.05580808080808,21.47780678851175,54.075129533678755,1.8987373737373736
1246,PL,Bydgoszcz,2021,,7.443523316062175,18.024870466321243,24.233644859813083,49.704663212435236,2.185233160621762
1247,PL,Bydgoszcz,2022,,6.069415807560137,19.516438356164386,22.69178082191781,41.93150684931507,2.4989690721649485
1248,PL,Bydgoszcz,2023,,3.1,17.5,24.0,46.0,4.1
1249,PL,Gdańsk,2016,3.0500000000000003,5.733333333333333,21.016666666666666,12.166666666666666,32.166666666666664,1.4833333333333334
1250,PL,Gdańsk,2017,3.3737704918032785,6.973224043715846,23.888524590163936,18.08743169398907,39.0,2.012568306010929
1251,PL,Gdańsk,2018,3.805464480874317,7.756284153005465,23.091803278688527,20.53551912568306,38.532967032967036,1.803825136612022
1252,PL,Gdańsk,2019,3.104812834224599,6.372192513368984,20.914438502673796,18.50802139037433,42.6951566951567,1.2200534759358288
1253,PL,Gdańsk,2020,2.7868686868686865,5.680555555555555,21.36287878787879,17.51010101010101,49.56818181818182,1.221969696969697
1254,PL,Gdańsk,2021,3.1056555269922876,6.79357326478149,20.955012853470436,18.223650385604113,52.7120822622108,1.4552699228791774
1255,PL,Gdańsk,2022,2.731864406779661,6.579322033898306,22.267118644067796,16.776271186440677,46.92203389830509,1.3196610169491525
1256,PL,Gdańsk,2023,2.3,2.4,23.0,10.0,34.0,2.3
1257,PL,Katowice,2016,0.10000000000000002,11.25,13.783333333333333,46.0,180.0,10.983333333333333
1258,PL,Katowice,2017,0.1,11.30327868852459,21.02185792349727,35.80874316939891,83.43888888888888,8.271584699453552
1259,PL,Katowice,2018,1.1384615384615384,10.555737704918034,21.21912568306011,34.240437158469945,81.72677595628416,5.36120218579235
1260,PL,Katowice,2019,3.767914438502674,9.848128342245989,18.59251336898396,26.211229946524064,72.53239436619718,3.64144385026738
1261,PL,Katowice,2020,3.067929292929293,8.753030303030302,16.98333333333333,22.762626262626263,60.36616161616162,3.5345959595959595
1262,PL,Katowice,2021,3.2552083333333335,8.504482758620691,18.4851724137931,23.841379310344827,65.00694444444444,3.4455172413793105
1263,PL,Katowice,2022,0.1,9.66826923076923,7.2682692307692305,24.067307692307693,64.5673076923077,3.710576923076923
1264,PL,Katowice,2023,0.1,6.1,12.8,17.0,39.0,4.7
1265,PL,Kielce,2016,3.966666666666667,8.333333333333334,16.133333333333333,32.333333333333336,73.0,5.466666666666666
1266,PL,Kielce,2017,3.439344262295082,8.577049180327869,20.914207650273227,31.830601092896174,70.97814207650273,6.359562841530054
1267,PL,Kielce,2018,4.602013422818792,9.104918032786886,23.32622950819672,32.005464480874316,77.18543046357615,4.566120218579235
1268,PL,Kielce,2019,4.751282051282051,6.775595238095238,21.22142857142857,23.365558912386707,66.22,4.362797619047619
1269,PL,Kielce,2020,,5.988266666666666,17.341333333333335,24.408,,4.690933333333333
1270,PL,Kielce,2021,,6.435142118863049,18.642894056847545,25.377260981912144,,3.9224806201550386
1271,PL,Kielce,2022,,5.331525423728813,17.965762711864407,22.044067796610168,,4.16271186440678
1272,PL,Kielce,2023,,5.5,13.0,20.0,,
1273,PL,Kraków,2016,9.383333333333333,13.166666666666666,13.4,41.333333333333336,88.16666666666667,5.5
1274,PL,Kraków,2017,9.85464480874317,15.512021857923497,19.1775956284153,38.69398907103825,82.8415300546448,5.471584699453552
1275,PL,Kraków,2018,7.483060109289618,15.319672131147541,20.937158469945356,36.66120218579235,78.2896174863388,4.047540983606558
1276,PL,Kraków,2019,6.559006211180124,13.945187165775401,17.97192513368984,27.66042780748663,68.1283422459893,3.0799465240641712
1277,PL,Kraków,2020,6.206313131313131,11.966414141414141,16.982233502538072,25.214646464646464,66.48484848484848,2.356060606060606
1278,PL,Kraków,2021,5.843410852713179,12.317571059431524,15.667700258397932,27.183462532299743,72.04909560723515,3.088888888888889
1279,PL,Kraków,2022,0.1357142857142857,10.130847457627118,14.734237288135594,24.216949152542373,56.51864406779661,2.817627118644068
1280,PL,Kraków,2023,0.1,15.5,8.6,34.0,109.0,3.4
1281,PL,Poznań,2016,6.833333333333333,8.933333333333334,14.516666666666666,25.666666666666668,84.33333333333333,1.8333333333333333
1282,PL,Poznań,2017,3.13879781420765,6.963387978142077,21.185245901639345,23.934426229508198,73.7431693989071,1.9065573770491802
1283,PL,Poznań,2018,4.409944751381215,6.7707182320441985,21.567630057803466,23.486187845303867,42.5,1.6723756906077347
1284,PL,Poznań,2019,3.8296495956873313,6.886363636363637,18.5451871657754,18.68716577540107,35.58620689655172,1.1938502673796791
1285,PL,Poznań,2020,2.230808080808081,6.090909090909091,19.07550505050505,16.84090909090909,39.48412698412698,1.476958525345622
1286,PL,Poznań,2021,3.0364341085271316,6.018087855297158,18.181347150259068,21.03359173126615,51.87616099071207,2.5013422818791944
1287,PL,Poznań,2022,0.1,4.492881355932203,17.951041666666665,19.945762711864408,35.786259541984734,
1288,PL,Poznań,2023,,2.0,16.6,18.0,,
1289,PL,Płock,2016,2.9499999999999997,5.800000000000001,15.933333333333332,20.333333333333332,63.666666666666664,4.133333333333334
1290,PL,Płock,2017,3.244186046511628,5.66046511627907,21.878294573643412,26.328125,67.9609375,2.3271317829457363
1291,PL,Płock,2018,3.5590163934426227,8.760109289617485,22.278688524590162,34.73224043715847,75.18032786885246,2.526775956284153
1292,PL,Płock,2019,3.1304945054945055,5.4945054945054945,19.912912087912087,21.78021978021978,58.34615384615385,1.9717032967032968
1293,PL,Płock,2020,3.847931034482759,7.052525252525253,21.744137931034484,19.25862068965517,50.855172413793106,1.411139240506329
1294,PL,Płock,2021,,7.145983379501384,,,,1.9872576177285317
1295,PL,Płock,2022,,,,,,2.010580204778157
1296,PL,Płock,2023,,,,,,2.0
1297,PL,Rybnik,2016,0.10000000000000002,8.85,13.733333333333334,55.5,,10.266666666666667
1298,PL,Rybnik,2017,0.1,9.943169398907104,20.934426229508198,41.759562841530055,,8.049180327868852
1299,PL,Rybnik,2018,0.7131147540983607,9.449726775956284,21.392349726775958,38.84153005464481,,6.444262295081967
1300,PL,Rybnik,2019,4.161497326203209,8.224598930481283,18.828342245989305,30.12566844919786,,4.493582887700534
1301,PL,Rybnik,2020,4.209595959595959,7.473989898989899,18.318939393939395,25.37878787878788,,3.7103535353535353
1302,PL,Rybnik,2021,3.5734482758620687,7.731379310344828,20.82793103448276,26.851724137931033,,3.8844827586206896
1303,PL,Rybnik,2022,0.1,9.205769230769231,8.748076923076923,28.192307692307693,,4.391346153846154
1304,PL,Rybnik,2023,0.1,4.9,15.6,17.0,,3.2
1305,PL,Szczecin,2016,3.8666666666666667,10.416666666666666,14.316666666666668,18.666666666666668,60.666666666666664,1.1333333333333333
1306,PL,Szczecin,2017,0.09999999999999999,8.2698224852071,19.34260355029586,22.964497041420117,71.88165680473372,1.7715976331360945
1307,PL,Szczecin,2018,0.1,8.817486338797814,20.935593220338983,22.382513661202186,62.48087431693989,1.6759562841530053
1308,PL,Szczecin,2019,0.1,6.323783783783784,19.976731301939058,16.84054054054054,51.84054054054054,2.156756756756757
1309,PL,Szczecin,2020,0.7590395480225989,6.480494505494506,23.147802197802196,14.678571428571429,43.25,2.0421487603305786
1310,PL,Szczecin,2021,2.2075757575757575,5.9772727272727275,24.153030303030302,14.409090909090908,35.25757575757576,2.1227272727272726
1311,PL,Szczecin,2022,0.1,7.485576923076923,12.977884615384616,18.278846153846153,54.59615384615385,3.284615384615385
1312,PL,Szczecin,2023,0.1,3.1,22.9,11.0,33.0,1.1
1313,PL,Tarnów,2016,6.95,14.633333333333333,14.733333333333334,34.0,,5.5
1314,PL,Tarnów,2017,7.57431693989071,10.951366120218578,24.32568306010929,30.316939890710383,,3.473770491803279
1315,PL,Tarnów,2018,6.113114754098361,9.638797814207651,26.551366120218578,29.07103825136612,74.6775956284153,2.5240437158469944
1316,PL,Tarnów,2019,7.012903225806451,9.13475935828877,23.620698924731183,23.94385026737968,64.24866310160428,3.7447721179624662
1317,PL,Tarnów,2020,5.046052631578948,8.026767676767676,22.45493670886076,20.891414141414142,58.26142131979695,3.402798982188295
1318,PL,Tarnów,2021,5.565469613259669,8.936434108527132,20.728682170542637,24.00516795865633,65.63736263736264,3.1798449612403097
1319,PL,Tarnów,2022,0.14305084745762714,9.354915254237287,19.880677966101697,17.51186440677966,50.88135593220339,3.1338983050847458
1320,PL,Tarnów,2023,0.1,2.7,16.7,10.0,46.0,2.2
1321,PL,Warsaw,2016,5.733333333333333,10.916666666666666,15.433333333333335,28.333333333333332,78.83333333333333,4.166666666666667
1322,PL,Warsaw,2017,5.57265625,9.535658914728682,20.427906976744186,30.085271317829456,71.82945736434108,3.307751937984496
1323,PL,Warsaw,2018,5.970491803278688,10.526775956284153,21.161748633879782,33.950819672131146,77.21311475409836,3.418032786885246
1324,PL,Warsaw,2019,4.908516483516483,9.069505494505496,18.30054945054945,21.153846153846153,58.25824175824176,2.548626373626374
1325,PL,Warsaw,2020,6.146717171717172,8.56111111111111,17.307070707070707,19.949494949494948,56.765151515151516,
1326,PL,Warsaw,2021,8.055555555555555,9.14186046511628,18.687596899224808,22.03359173126615,59.84754521963824,
1327,PL,Warsaw,2022,0.13401360544217686,7.985423728813559,17.962033898305087,19.09491525423729,46.34576271186441,
1328,PL,Warsaw,2023,0.1,3.4,17.9,14.0,33.0,
1329,PL,Wrocław,2016,7.6499999999999995,15.35,10.733333333333334,36.0,92.66666666666667,2.733333333333333
1330,PL,Wrocław,2017,5.036065573770492,14.303825136612021,20.19890710382514,32.34254143646409,75.99453551912568,2.6
1331,PL,Wrocław,2018,5.171584699453552,13.178142076502732,22.169398907103826,27.939890710382514,74.55737704918033,1.937704918032787
1332,PL,Wrocław,2019,4.461764705882353,12.710160427807487,19.527807486631016,22.532085561497325,59.3048128342246,1.9590909090909092
1333,PL,Wrocław,2020,3.5444444444444443,11.985353535353536,20.86294416243655,19.210659898477157,53.65909090909091,2.4441624365482233
1334,PL,Wrocław,2021,3.7816537467700257,12.994832041343669,19.315584415584414,22.357512953367877,59.98191214470284,3.5748051948051947
1335,PL,Wrocław,2022,0.1176271186440678,11.662711864406779,18.532993197278913,19.871186440677967,55.2135593220339,2.9284745762711863
1336,PL,Wrocław,2023,0.1,6.0,19.1,11.0,44.0,4.4
1337,PL,Zabrze,2016,0.10000000000000002,9.833333333333334,15.0,46.333333333333336,104.16666666666667,9.583333333333334
1338,PL,Zabrze,2017,0.1,10.712021857923498,20.30054945054945,41.185792349726775,87.8360655737705,7.614754098360656
1339,PL,Zabrze,2018,0.994475138121547,9.437158469945356,19.733701657458564,36.61748633879781,95.58823529411765,5.975409836065574
1340,PL,Zabrze,2019,3.124064171122995,8.613101604278075,18.258288770053476,27.344919786096256,,4.261764705882353
1341,PL,Zabrze,2020,3.013888888888889,7.584848484848485,17.36287878787879,24.34090909090909,,3.788888888888889
1342,PL,Zabrze,2021,3.09616724738676,7.172068965517242,20.028965517241378,25.40344827586207,,3.8937931034482762
1343,PL,Zabrze,2022,0.1,8.557692307692308,7.9788461538461535,28.221153846153847,,4.802884615384615
1344,PL,Zabrze,2023,0.1,6.1,13.0,17.0,,5.6
1345,PL,Łódź,2016,5.3,11.033333333333333,14.466666666666667,31.666666666666668,93.0,4.783333333333333
1346,PL,Łódź,2017,5.439344262295082,11.768306010928962,21.314754098360655,34.30601092896175,73.97814207650273,4.435519125683061
1347,PL,Łódź,2018,4.368852459016393,10.807103825136613,23.598360655737704,34.26229508196721,76.06557377049181,3.701639344262295
1348,PL,Łódź,2019,4.0249999999999995,7.970604395604396,19.78846153846154,27.00824175824176,69.61538461538461,2.4024725274725274
1349,PL,Łódź,2020,3.9527777777777775,7.489646464646465,18.996446700507615,25.866161616161616,69.68956743002545,2.2845959595959595
1350,PL,Łódź,2021,4.228423772609819,8.256847545219639,19.899224806201552,29.186046511627907,62.39119170984456,2.485529715762274
1351,PL,Łódź,2022,0.1264406779661017,6.974915254237287,20.00271186440678,22.667796610169493,39.75819672131148,1.7515254237288138
1352,PL,Łódź,2023,0.1,2.8,17.6,13.0,57.0,2.7
1353,PT,Funchal,2017,,14.198260869565217,24.264655172413793,17.29310344827586,34.067796610169495,1.1392156862745098
1354,PT,Funchal,2018,,9.373333333333333,27.368888888888886,14.807692307692308,22.5625,1.432
1355,PT,Funchal,2019,,6.529569892473118,30.37150537634409,14.79245283018868,19.90835579514825,1.3762162162162161
1356,PT,Funchal,2020,,3.475730994152047,29.24897360703812,12.517543859649123,18.31286549707602,1.2521084337349397
1357,PT,Funchal,2021,,2.345308310991957,31.267297297297297,13.589812332439678,20.431635388739945,0.9942934782608697
1358,PT,Funchal,2022,,3.1522648083623697,29.89160839160839,13.554006968641115,18.358885017421603,0.9947552447552448
1359,PT,Funchal,2023,,3.8,30.2,52.0,51.0,1.0
1360,PT,Lisbon,2016,,16.566666666666666,7.616666666666667,21.166666666666668,61.666666666666664,1.1
1361,PT,Lisbon,2017,,9.944262295081966,24.198360655737705,19.661202185792348,45.15300546448088,1.0057142857142858
1362,PT,Lisbon,2018,,9.217127071823205,26.73093922651934,16.364640883977902,38.83977900552486,0.777094972067039
1363,PT,Lisbon,2019,,9.111260053619302,22.8686327077748,17.061827956989248,35.59078590785908,0.7497311827956988
1364,PT,Lisbon,2020,,8.078861788617886,23.38292682926829,16.256830601092897,36.03551912568306,0.5357723577235772
1365,PT,Lisbon,2021,,7.174278215223097,25.18503937007874,16.13351498637602,32.16348773841962,0.8609625668449198
1366,PT,Lisbon,2022,,6.968989547038327,25.377003484320557,16.50526315789474,26.603508771929825,0.8062717770034843
1367,PT,Lisbon,2023,,3.1,28.9,25.0,45.0,1.0
1368,RO,Arad,2016,,5.766666666666667,14.1,,,3.85
1369,RO,Arad,2017,,4.023837209302326,22.267441860465116,,,3.216279069767442
1370,RO,Arad,2018,,6.667977528089888,21.301685393258428,14.292134831460674,,3.130898876404494
1371,RO,Arad,2019,,8.116413373860183,22.172644376899697,17.458966565349545,,4.669908814589666
1372,RO,Arad,2020,,8.45703324808184,20.058567774936062,15.452685421994884,,4.728388746803069
1373,RO,Arad,2021,,8.245758354755784,20.66958762886598,16.043701799485863,,4.945360824742268
1374,RO,Arad,2022,,8.691186440677967,19.290443686006828,13.241496598639456,,4.434129692832765
1375,RO,Arad,2023,,8.2,16.2,13.0,,12.7
1376,RO,Bacău,2016,,5.916666666666667,15.483333333333334,,,3.0
1377,RO,Bacău,2017,,7.6022598870056495,18.158757062146893,,,3.157062146892655
1378,RO,Bacău,2018,,7.870224719101124,21.9685393258427,18.325842696629213,,3.273595505617978
1379,RO,Bacău,2019,,6.517021276595744,16.387537993920972,17.458966565349545,,4.38145896656535
1380,RO,Bacău,2020,,7.632480818414323,17.533503836317138,16.754475703324808,,3.7767263427109974
1381,RO,Bacău,2021,,9.024678663239074,16.245244215938303,18.133676092544988,,4.130591259640103
1382,RO,Bacău,2022,,9.60210970464135,18.446440677966102,17.233898305084747,,4.66271186440678
1383,RO,Bacău,2023,,,5.1,63.0,,4.6
1384,RO,Baia Mare,2016,,15.549999999999999,12.9,,,3.6166666666666667
1385,RO,Baia Mare,2017,,8.986792452830189,20.391194968553457,,,3.5515723270440254
1386,RO,Baia Mare,2018,,6.845505617977528,20.074719101123595,17.54494382022472,,3.150561797752809
1387,RO,Baia Mare,2019,,6.351367781155015,18.89209726443769,15.729483282674773,,2.980851063829787
1388,RO,Baia Mare,2020,,5.51227621483376,17.392583120204602,12.483375959079284,,3.760613810741688
1389,RO,Baia Mare,2021,,6.93598971722365,17.26452442159383,18.002570694087403,,3.3231362467866323
1390,RO,Baia Mare,2022,,7.000338983050847,19.072027972027975,16.796610169491526,,3.2766101694915255
1391,RO,Baia Mare,2023,,12.1,,1.0,,3.0
1392,RO,Braşov,2016,,12.966666666666667,10.35,26.833333333333332,,1.95
1393,RO,Braşov,2017,,14.890123456790123,17.01851851851852,23.974358974358974,,2.38641975308642
1394,RO,Braşov,2018,,16.92808988764045,13.309550561797753,22.662921348314608,,3.113483146067416
1395,RO,Braşov,2019,,14.37629179331307,10.056838905775075,18.462006079027354,,2.594528875379939
1396,RO,Braşov,2020,,11.276982097186702,12.314833759590794,18.396419437340153,,2.9603580562659846
1397,RO,Braşov,2021,,8.253470437017995,19.838303341902314,18.86375321336761,,2.57120822622108
1398,RO,Braşov,2022,,13.29725085910653,23.45220338983051,16.642857142857142,,2.7189830508474575
1399,RO,Braşov,2023,,20.6,3.6,,,2.9
1400,RO,Brăila,2016,,7.433333333333334,14.25,,,2.4
1401,RO,Brăila,2017,,6.8123287671232875,23.156849315068495,,,2.186301369863014
1402,RO,Brăila,2018,,6.69494382022472,28.925280898876405,10.915730337078651,,2.7769662921348317
1403,RO,Brăila,2019,,5.714893617021277,21.206079027355624,16.990384615384617,,2.6632218844984803
1404,RO,Brăila,2020,,4.648593350383631,20.901023017902812,15.31904761904762,,3.083631713554987
1405,RO,Brăila,2021,,6.75758354755784,23.059897172236504,12.894601542416453,,3.0737789203084835
1406,RO,Brăila,2022,,6.760338983050847,24.046575342465754,15.868512110726643,,2.902787456445993
1407,RO,Brăila,2023,,9.2,8.9,,,2.0
1408,RO,Bucharest,2016,,14.083333333333334,13.5,,83.83333333333333,4.2
1409,RO,Bucharest,2017,,14.572916666666666,24.193661971830984,22.0,67.8913043478261,3.995833333333333
1410,RO,Bucharest,2018,,12.364606741573034,20.088764044943822,30.53370786516854,,3.0960674157303374
1411,RO,Bucharest,2019,,13.77659574468085,16.81550151975684,25.914634146341463,,3.3279635258358664
1412,RO,Bucharest,2020,,10.757800511508952,17.07007672634271,25.36061381074169,67.95348837209302,2.978772378516624
1413,RO,Bucharest,2021,,11.623650385604114,18.3413881748072,24.12853470437018,55.50385604113111,2.569408740359897
1414,RO,Bucharest,2022,,10.06406779661017,19.45491525423729,22.833898305084745,46.05084745762712,2.670169491525424
1415,RO,Bucharest,2023,,8.9,11.3,52.0,141.0,3.6
1416,RO,Cluj-Napoca,2016,,18.683333333333334,15.533333333333333,9.833333333333334,,3.016666666666667
1417,RO,Cluj-Napoca,2017,,20.361313868613138,14.569230769230769,10.696296296296296,,3.6674074074074077
1418,RO,Cluj-Napoca,2018,,22.28707865168539,16.098314606741575,9.325842696629213,,3.149438202247191
1419,RO,Cluj-Napoca,2019,,23.245731707317074,14.221505376344085,13.170212765957446,,3.86838905775076
1420,RO,Cluj-Napoca,2020,,17.704347826086956,,14.483116883116883,,3.5209718670076726
1421,RO,Cluj-Napoca,2021,,14.555526992287918,,21.868894601542415,,2.9722365038560414
1422,RO,Cluj-Napoca,2022,,14.898305084745763,,18.406779661016948,,3.431864406779661
1423,RO,Cluj-Napoca,2023,,14.2,,69.0,,3.6
1424,RO,Constanţa,2016,,8.916666666666666,16.016666666666666,24.666666666666668,,2.283333333333333
1425,RO,Constanţa,2017,,10.343846153846155,23.173076923076923,14.614754098360656,,3.4715384615384615
1426,RO,Constanţa,2018,,7.9700564971751415,24.00449438202247,13.52247191011236,,3.3561797752808986
1427,RO,Constanţa,2019,,8.443205574912891,21.48419452887538,17.41033434650456,,3.368693009118541
1428,RO,Constanţa,2020,,8.263171355498722,20.081841432225065,15.494871794871795,,3.361381074168798
1429,RO,Constanţa,2021,,8.12879177377892,19.94832904884319,15.218508997429305,,3.8832904884318764
1430,RO,Constanţa,2022,,7.076190476190477,11.840677966101694,11.589830508474575,,3.723728813559322
1431,RO,Constanţa,2023,,,9.6,34.0,,5.6
1432,RO,Craiova,2016,,10.700000000000001,12.783333333333333,,,3.8833333333333333
1433,RO,Craiova,2017,,8.532716049382715,16.988819875776397,,,4.824074074074074
1434,RO,Craiova,2018,,7.271348314606741,21.771751412429378,14.836158192090396,,6.502824858757062
1435,RO,Craiova,2019,,7.373181818181818,15.576168224299066,9.217687074829932,,5.044270833333333
1436,RO,Craiova,2020,,9.121739130434783,16.12294520547945,16.784615384615385,,5.3352941176470585
1437,RO,Craiova,2021,,7.5069408740359895,20.391472868217054,20.585051546391753,,5.043575418994413
1438,RO,Craiova,2022,,5.049300699300699,18.677083333333332,11.924812030075188,,5.960763888888889
1439,RO,Craiova,2023,,4.8,3.9,,,0.9
1440,RO,Galaţi,2016,,8.566666666666666,20.233333333333334,8.0,,2.5
1441,RO,Galaţi,2017,,6.784662576687117,24.78466257668712,32.50322580645161,,2.849079754601227
1442,RO,Galaţi,2018,,7.010674157303371,25.728651685393256,13.837078651685394,,2.5106741573033706
1443,RO,Galaţi,2019,,7.08936170212766,21.16079027355623,13.462006079027356,,2.7018237082066867
1444,RO,Galaţi,2020,,6.170588235294117,23.16854219948849,12.567774936061381,,2.5552429667519183
1445,RO,Galaţi,2021,,7.843701799485861,21.594344473007713,12.20051413881748,,3.2665809768637533
1446,RO,Galaţi,2022,,7.230169491525424,23.15084745762712,13.013559322033899,,3.1366101694915254
1447,RO,Galaţi,2023,,6.5,12.5,35.0,,3.5
1448,RO,Iaşi,2016,,10.933333333333332,15.283333333333331,6.666666666666667,,1.9166666666666667
1449,RO,Iaşi,2017,,15.132824427480918,16.496946564885494,17.259541984732824,,2.180916030534351
1450,RO,Iaşi,2018,,8.902808988764045,23.129213483146067,30.646067415730336,,2.8308988764044942
1451,RO,Iaşi,2019,,9.017325227963525,18.738709677419354,26.683890577507597,,2.4556231003039515
1452,RO,Iaşi,2020,,7.372122762148337,,22.493606138107417,,2.2585677749360613
1453,RO,Iaşi,2021,,8.776092544987147,,24.403598971722364,,2.577892030848329
1454,RO,Iaşi,2022,,6.561354581673307,,17.526315789473685,,2.57728813559322
1455,RO,Iaşi,2023,,,,,,2.5
1456,RO,Oradea,2016,,7.566666666666666,13.299999999999999,,,4.3500000000000005
1457,RO,Oradea,2017,,9.656179775280899,21.52078651685393,6.870967741935484,,4.621910112359551
1458,RO,Oradea,2018,,11.680898876404493,18.07696629213483,12.747191011235955,,4.853370786516853
1459,RO,Oradea,2019,,9.599088145896657,17.23404255319149,13.595744680851064,,3.6829787234042555
1460,RO,Oradea,2020,,10.36761658031088,18.471720116618076,14.422680412371134,,4.632480818414322
1461,RO,Oradea,2021,,9.346529562982006,21.64740932642487,15.29305912596401,,4.831362467866324
1462,RO,Oradea,2022,,6.671525423728813,31.601063829787233,13.532608695652174,,6.472340425531915
1463,RO,Oradea,2023,,3.6,,,,
1464,RO,Piteşti,2016,,5.8500000000000005,15.466666666666667,13.166666666666666,,4.716666666666667
1465,RO,Piteşti,2017,,5.923952095808383,23.186144578313254,11.792682926829269,,4.480120481927711
1466,RO,Piteşti,2018,,5.2084269662921345,20.04887640449438,15.702247191011235,,2.6337078651685393
1467,RO,Piteşti,2019,,5.378723404255319,18.18693009118541,21.130699088145896,,2.919756838905775
1468,RO,Piteşti,2020,,5.781841432225064,15.576470588235294,24.56010230179028,,4.528644501278772
1469,RO,Piteşti,2021,,5.741388174807198,16.670179948586117,20.295629820051413,,4.900257069408741
1470,RO,Piteşti,2022,,6.223728813559322,10.747118644067797,14.49112426035503,,5.18406779661017
1471,RO,Piteşti,2023,,4.8,6.0,,,4.1
1472,RO,Ploieşti,2016,,10.416666666666666,7.083333333333333,24.833333333333332,,4.466666666666667
1473,RO,Ploieşti,2017,,11.310650887573965,18.427810650887576,23.727810650887573,,3.6313609467455623
1474,RO,Ploieşti,2018,,12.141011235955055,20.84269662921348,21.56741573033708,,4.297191011235955
1475,RO,Ploieşti,2019,,10.567781155015199,13.461398176291794,19.437689969604865,,3.4273556231003037
1476,RO,Ploieşti,2020,,11.1769820971867,14.571867007672635,19.902813299232736,,3.3567774936061383
1477,RO,Ploieşti,2021,,11.62853470437018,15.89383033419023,21.724935732647815,,3.3580976863753214
1478,RO,Ploieşti,2022,,12.403050847457628,16.792542372881357,23.92542372881356,,3.068135593220339
1479,RO,Ploieşti,2023,,10.0,4.1,43.0,,3.4
1480,RO,Râmnicu Vâlcea,2016,,2.283333333333333,16.516666666666666,33.666666666666664,,7.666666666666667
1481,RO,Râmnicu Vâlcea,2017,,2.2987951807228915,20.756626506024094,23.84873949579832,,6.484756097560975
1482,RO,Râmnicu Vâlcea,2018,,7.003370786516854,18.992134831460675,20.584269662921347,,2.206741573033708
1483,RO,Râmnicu Vâlcea,2019,,4.669604863221885,13.942857142857143,16.914373088685014,,5.189361702127659
1484,RO,Râmnicu Vâlcea,2020,,5.9739130434782615,13.710485933503836,14.317135549872123,,5.431969309462916
1485,RO,Râmnicu Vâlcea,2021,,6.183547557840617,12.795629820051413,17.36855670103093,,4.713367609254499
1486,RO,Râmnicu Vâlcea,2022,,2.759863945578231,11.29251700680272,10.431506849315069,,4.358163265306122
1487,RO,Râmnicu Vâlcea,2023,,1.8,3.5,8.0,,2.9
1488,RO,Sibiu,2016,,12.666666666666666,11.983333333333333,7.25,,3.033333333333333
1489,RO,Sibiu,2017,,12.241142857142856,20.92685714285714,7.88,,3.6691428571428575
1490,RO,Sibiu,2018,,12.260674157303372,19.368539325842697,9.719101123595506,,4.441242937853107
1491,RO,Sibiu,2019,,9.707120743034055,16.27082066869301,17.07857142857143,,1.8681102362204725
1492,RO,Sibiu,2020,,9.764194373401535,16.57084398976982,18.722991689750693,,2.1631713554987213
1493,RO,Sibiu,2021,,10.587403598971722,16.19254498714653,14.70694087403599,,2.758611825192802
1494,RO,Sibiu,2022,,9.37728813559322,14.411186440677966,8.794871794871796,,2.9369491525423728
1495,RO,Sibiu,2023,,15.3,3.0,,,3.6
1496,RO,Timişoara,2016,,5.633333333333333,9.266666666666667,20.0,,4.316666666666666
1497,RO,Timişoara,2017,,5.965294117647059,19.217058823529413,16.352941176470587,,3.6641176470588235
1498,RO,Timişoara,2018,,5.560674157303371,19.069101123595505,17.696629213483146,,3.7904494382022476
1499,RO,Timişoara,2019,,9.662310030395137,19.085106382978722,15.641337386018238,,4.643465045592706
1500,RO,Timişoara,2020,,8.029411764705882,15.41764705882353,14.764705882352942,,4.70460358056266
1501,RO,Timişoara,2021,,8.875321336760926,18.29357326478149,18.24164524421594,,4.4282776349614394
1502,RO,Timişoara,2022,,8.238983050847457,18.55470383275261,15.115254237288136,,4.367118644067796
1503,RO,Timişoara,2023,,8.5,16.5,20.0,,10.5
1504,RS,Belgrade,2016,5.816666666666666,15.85,7.38,29.0,75.5,14.783333333333333
1505,RS,Belgrade,2017,5.283606557377049,13.565573770491802,12.27912087912088,29.737704918032787,65.48087431693989,14.70327868852459
1506,RS,Belgrade,2018,4.886885245901639,12.40327868852459,14.89344262295082,25.825136612021858,65.01092896174863,6.451912568306011
1507,RS,Belgrade,2019,5.237265415549598,12.27882037533512,16.498659517426272,24.780160857908847,66.41286863270777,4.862734584450402
1508,RS,Belgrade,2020,4.8090909090909095,10.09419191919192,17.44267676767677,23.61868686868687,63.686868686868685,4.803282828282828
1509,RS,Belgrade,2021,4.829305912596401,11.289460154241647,19.007969151670952,24.701799485861184,64.96658097686375,4.823907455012853
1510,RS,Belgrade,2022,3.8281355932203387,9.606440677966102,19.64135593220339,22.647457627118644,55.9728813559322,4.275254237288136
1511,RS,Belgrade,2023,13.3,18.0,2.8,63.0,158.0,5.9
1512,RS,Niš,2016,11.633333333333333,8.8,,37.2,104.0,5.12
1513,RS,Niš,2017,7.059523809523809,8.175483870967742,12.508536585365855,30.908571428571427,83.49438202247191,8.320441988950277
1514,RS,Niš,2018,5.1252808988764045,11.467836257309942,11.687362637362638,33.17741935483871,84.14516129032258,9.333333333333334
1515,RS,Niš,2019,8.426315789473684,8.147567567567567,8.531578947368422,33.239583333333336,89.00347222222223,5.161173184357542
1516,RS,Niš,2020,4.953030303030303,7.314141414141415,15.522222222222222,31.367346938775512,81.71173469387755,7.169696969696969
1517,RS,Niš,2021,6.02159383033419,9.283290488431875,19.03419023136247,24.61439588688946,71.25706940874036,6.907455012853471
1518,RS,Niš,2022,3.88,14.567118644067797,18.852559726962458,21.71864406779661,60.33898305084746,3.833220338983051
1519,RS,Niš,2023,14.4,17.1,4.0,69.0,163.0,3.8
1520,RS,Novi Sad,2016,3.5200000000000005,7.32,11.52,32.4,88.4,
1521,RS,Novi Sad,2017,5.645604395604396,8.228571428571428,25.98095238095238,32.05844155844156,79.23376623376623,
1522,RS,Novi Sad,2018,4.107650273224044,8.204371584699453,23.05989010989011,32.2760736196319,75.71165644171779,3.6781420765027324
1523,RS,Novi Sad,2019,3.307506702412869,6.136997319034852,19.406301369863016,27.777027027027028,68.42424242424242,4.79088471849866
1524,RS,Novi Sad,2020,5.291161616161617,6.710606060606061,21.72944162436548,27.411616161616163,64.42424242424242,5.8366161616161625
1525,RS,Novi Sad,2021,5.332133676092544,6.5470437017994865,22.926356589147286,22.97686375321337,58.40359897172237,7.858097686375322
1526,RS,Novi Sad,2022,3.368135593220339,7.508135593220339,23.403728813559322,16.311864406779662,44.264406779661016,4.829152542372881
1527,RS,Novi Sad,2023,6.0,9.6,14.7,32.0,86.0,8.1
1528,RU,Chelyabinsk,2019,9.950000000000001,9.283333333333333,6.566666666666666,19.666666666666668,58.833333333333336,
1529,RU,Chelyabinsk,2020,11.935338345864663,7.404511278195488,19.20902255639098,15.862162162162162,48.567567567567565,
1530,RU,Chelyabinsk,2021,,,,25.6,68.26153846153846,
1531,RU,Krasnoyarsk,2019,0.1625,14.866666666666667,,,49.833333333333336,1.9708333333333334
1532,RU,Krasnoyarsk,2020,0.1191919191919192,5.873232323232323,,,28.373737373737374,2.1825757575757576
1533,RU,Krasnoyarsk,2021,0.12348284960422165,5.521372031662269,,,28.815303430079155,1.8609498680738785
1534,RU,Krasnoyarsk,2022,0.11198630136986303,6.023972602739726,,,23.215753424657535,1.5270547945205482
1535,RU,Krasnoyarsk,2023,0.2,6.1,,,98.0,1.7
1536,RU,Moscow,2016,3.1166666666666667,14.75,8.966666666666667,6.666666666666667,20.5,1.1833333333333333
1537,RU,Moscow,2017,3.123497267759563,14.929508196721311,15.420218579234973,15.33879781420765,32.84699453551912,1.3273224043715848
1538,RU,Moscow,2018,2.658064516129032,10.229032258064517,,17.838709677419356,37.32258064516129,1.3129032258064517
1539,RU,Moscow,2019,3.048870056497175,13.142937853107346,8.92848484848485,20.47457627118644,41.93785310734463,1.1336158192090395
1540,RU,Moscow,2020,2.83268156424581,13.347765363128492,11.379329608938548,20.092178770949722,42.349162011173185,1.1097765363128491
1541,RU,Moscow,2021,2.9005141388174804,17.535218508997428,13.908226221079692,18.632390745501286,43.95372750642674,0.9213367609254498
1542,RU,Moscow,2022,2.7682403433476397,16.178969957081545,10.695652173913043,18.96137339055794,39.592274678111586,0.8502145922746781
1543,RU,Moscow,2023,1.9,9.2,10.3,6.0,21.0,0.4
1544,RU,Nizhniy Novgorod,2019,2.5,11.1,13.100000000000001,10.5,40.0,0.3
1545,RU,Nizhniy Novgorod,2020,2.7505102040816327,8.629591836734694,12.960714285714287,9.703196347031964,33.013698630136986,9.50421052631579
1546,RU,Nizhniy Novgorod,2021,1.24,3.37,11.690000000000001,4.7,14.5,6.7
1547,RU,Novosibirsk,2019,4.966666666666667,23.883333333333336,6.483333333333333,72.0,159.33333333333334,4.1499999999999995
1548,RU,Novosibirsk,2020,3.5434316353887403,18.638069705093834,10.891644204851753,19.08847184986595,59.284182305630026,6.836666666666666
1549,RU,Novosibirsk,2021,3.954228855721393,21.03084577114428,10.951776649746193,25.054794520547944,71.41095890410959,1.2176470588235295
1550,RU,Novosibirsk,2022,3.7448275862068963,16.810344827586206,9.124137931034484,19.54421768707483,57.24829931972789,
1551,RU,Saint Petersburg,2020,2.9741666666666666,11.2,22.230400000000003,6.12,20.856,6.3831999999999995
1552,RU,Tomsk,2019,,,,28.833333333333332,79.16666666666667,
1553,RU,Tomsk,2020,,,,15.656756756756756,51.486486486486484,
1554,RU,Tomsk,2021,,,,19.301369863013697,59.77625570776256,
1555,RU,Tomsk,2022,,,,39.0,100.5,
1556,SE,Göteborg,2018,,9.1,,9.0,,
1557,SE,Göteborg,2019,,11.50779569892473,23.730927835051546,17.14092140921409,26.020942408376964,
1558,SE,Göteborg,2020,,6.7093670886075945,20.244505494505493,14.027848101265823,23.06100795755968,
1559,SE,Göteborg,2021,,7.276683937823835,27.268067226890757,15.126943005181348,21.54569190600522,
1560,SE,Göteborg,2022,,5.434129692832765,,14.791808873720136,23.65156794425087,
1561,SE,Göteborg,2023,,4.4,,6.0,14.0,
1562,SE,Malmö,2018,,6.759428571428572,25.161142857142856,16.085714285714285,42.37714285714286,
1563,SE,Malmö,2019,,6.305093833780162,22.220107238605898,13.691689008042895,36.49597855227882,
1564,SE,Malmö,2020,,6.131007751937984,20.532558139534885,12.863049095607234,35.50909090909091,
1565,SE,Malmö,2021,,5.592708333333333,19.264062499999998,11.46875,34.8984375,
1566,SE,Malmö,2022,,3.7830449826989616,18.96027397260274,10.04109589041096,27.57191780821918,
1567,SE,Malmö,2023,,2.5,19.7,13.0,40.0,
1568,SE,Stockholm,2017,,12.746857142857142,24.925142857142855,17.297142857142855,23.85142857142857,
1569,SE,Stockholm,2018,,13.924309392265194,25.916574585635356,23.194444444444443,31.61111111111111,
1570,SE,Stockholm,2019,,11.916397849462365,23.434510869565216,16.884408602150536,26.841397849462364,
1571,SE,Stockholm,2020,0.1,7.744117647058824,23.5475,13.294117647058824,21.361930294906166,
1572,SE,Stockholm,2021,0.1,7.390860215053764,20.956603773584906,11.81989247311828,22.14516129032258,
1573,SE,Stockholm,2022,0.1,6.7320819112627985,20.86382252559727,10.8839590443686,18.716723549488055,
1574,SE,Stockholm,2023,0.1,8.7,18.8,8.0,19.0,
1575,SE,Uppsala,2017,,4.8748571428571426,,12.217142857142857,,
1576,SE,Uppsala,2018,,12.869060773480664,,17.816666666666666,28.511111111111113,
1577,SE,Uppsala,2019,,17.754569892473118,,16.489247311827956,25.303763440860216,
1578,SE,Uppsala,2020,,12.285286103542234,,9.067204301075268,18.352150537634408,
1579,SE,Uppsala,2021,,4.88252688172043,,8.362903225806452,19.03494623655914,
1580,SE,Uppsala,2022,,3.8546075085324234,,7.805460750853243,16.4641638225256,
1581,SE,Uppsala,2023,,6.9,,4.0,11.0,
1582,SK,Bratislava,2016,,10.233333333333333,,16.166666666666668,46.333333333333336,1.0166666666666668
1583,SK,Bratislava,2017,2.079,10.275409836065574,,22.92896174863388,57.45355191256831,3.4159090909090906
1584,SK,Bratislava,2018,4.433146067415731,9.803370786516854,,23.3876404494382,59.49438202247191,5.396531791907514
1585,SK,Bratislava,2019,3.3369272237196768,10.874798927613941,,19.447721179624665,48.19571045576407,2.776123595505618
1586,SK,Bratislava,2020,2.8286075949367087,7.80378787878788,,18.2979797979798,48.94444444444444,1.952054794520548
1587,SK,Bratislava,2021,2.8158301158301158,7.905405405405405,,17.501930501930502,49.55984555984556,3.480566801619433
1588,SK,Bratislava,2022,2.44135593220339,7.84406779661017,,16.159322033898306,42.742372881355934,1.8826855123674915
1589,SK,Bratislava,2023,3.0,5.5,,20.0,65.0,2.1
1590,SK,Košice,2016,5.45,14.166666666666666,,25.0,66.0,
1591,SK,Košice,2017,4.441758241758242,14.943169398907104,,29.825136612021858,73.89617486338798,
1592,SK,Košice,2018,4.69494382022472,12.569101123595507,,27.56741573033708,64.87640449438203,7.003932584269662
1593,SK,Košice,2019,5.893565683646113,11.92117962466488,,23.420911528150135,57.710455764075064,9.363440860215054
1594,SK,Košice,2020,3.8002525252525254,9.780555555555555,,22.022727272727273,54.77777777777778,2.246683673469388
1595,SK,Košice,2021,4.915830115830116,9.583011583011583,,23.841698841698843,61.922779922779924,3.831372549019608
1596,SK,Košice,2022,3.8922033898305086,8.59593220338983,,20.34915254237288,53.355932203389834,5.182993197278911
1597,SK,Košice,2023,6.5,8.3,,29.0,68.0,9.7
1598,TR,Adana,2016,6.2,8.35,9.85,16.833333333333332,,7.566666666666666
1599,TR,Adana,2017,2.4151685393258426,6.471038251366121,17.933879781420764,32.5792349726776,,2.87103825136612
1600,TR,Adana,2018,2.1650793650793654,5.733888888888888,11.101111111111111,44.18888888888889,,4.276111111111111
1601,TR,Adana,2019,2.657232704402516,13.064383561643835,13.058196721311475,25.48633879781421,,5.027322404371585
1602,TR,Adana,2020,1.9153094462540716,13.678991596638655,17.8974930362117,21.980337078651687,79.48780487804878,4.676404494382022
1603,TR,Adana,2021,4.081432360742705,10.049336870026526,23.779032258064515,31.804177545691907,63.9869451697128,4.592572944297083
1604,TR,Adana,2022,3.7423728813559323,9.674915254237288,23.423728813559322,40.454237288135594,72.20338983050847,4.032881355932203
1605,TR,Adana,2023,6.6,8.4,10.9,56.0,54.0,4.1
1606,TR,Adapazarı,2016,13.549999999999999,15.15,10.816666666666665,31.166666666666668,86.5,12.633333333333333
1607,TR,Adapazarı,2017,17.339204545454546,11.464444444444444,15.73111111111111,45.56666666666667,87.96111111111111,12.548876404494381
1608,TR,Adapazarı,2018,23.25245901639344,7.684699453551913,17.836723163841807,50.91256830601093,78.81920903954803,16.284153005464482
1609,TR,Adapazarı,2019,14.360109289617487,12.686559139784945,26.5252688172043,37.666666666666664,66.44086021505376,15.609408602150538
1610,TR,Adapazarı,2020,16.9567335243553,10.095543175487466,11.963788300835654,37.138888888888886,69.26666666666667,23.016155988857935
1611,TR,Adapazarı,2021,26.628763440860215,10.328947368421053,12.150263157894738,32.6015625,66.62239583333333,30.172105263157892
1612,TR,Adapazarı,2022,23.877894736842105,15.700677966101694,15.031849315068493,29.105084745762714,64.23728813559322,27.97491525423729
1613,TR,Adapazarı,2023,44.2,23.9,1.1,62.0,161.0,58.6
1614,TR,Ankara,2016,8.133333333333333,24.516666666666666,8.85,28.0,54.833333333333336,6.099999999999999
1615,TR,Ankara,2017,7.18688524590164,23.31366120218579,13.536065573770491,44.61748633879781,62.83606557377049,3.691256830601093
1616,TR,Ankara,2018,26.540112994350284,15.734254143646409,17.12375690607735,45.67403314917127,64.32044198895028,3.2419889502762427
1617,TR,Ankara,2019,7.734677419354839,17.18736559139785,10.361290322580645,37.51881720430107,57.435483870967744,4.090322580645161
1618,TR,Ankara,2020,6.184958217270196,19.745658263305323,13.298607242339832,40.5208913649025,62.17827298050139,3.5868347338935576
1619,TR,Ankara,2021,5.7140625,19.605989583333333,12.985416666666666,39.1421188630491,60.44186046511628,4.528125
1620,TR,Ankara,2022,6.9623728813559325,18.43050847457627,11.16406779661017,33.538983050847456,54.827118644067795,5.028135593220338
1621,TR,Ankara,2023,11.6,45.5,1.8,63.0,113.0,5.9
1622,TR,Antakya,2016,,,,60.0,,5.533333333333332
1623,TR,Antakya,2017,,,,57.31147540983606,,4.996153846153846
1624,TR,Antakya,2018,,,,25.81564245810056,,5.685632183908046
1625,TR,Antakya,2019,,,,11.671159029649596,,4.336290322580645
1626,TR,Antakya,2020,8.273529411764706,24.666666666666668,7.685294117647059,38.73737373737374,146.37142857142857,6.04110671936759
1627,TR,Antakya,2021,4.656648936170213,8.08686327077748,9.181382978723404,31.615183246073297,71.6282722513089,4.042574257425743
1628,TR,Antakya,2022,3.898299319727891,12.586159169550173,9.18949152542373,48.3125,57.91864406779661,3.6779661016949152
1629,TR,Antakya,2023,14.3,,6.2,131.0,180.0,9.5
1630,TR,Balıkesir,2016,,,,23.833333333333332,,10.25
1631,TR,Balıkesir,2017,,,,35.29281767955801,,18.485635359116024
1632,TR,Balıkesir,2018,16.02,14.854913294797688,3.7,38.59016393442623,,19.697752808988763
1633,TR,Balıkesir,2019,9.530311614730877,13.778225806451612,21.889487870619945,33.43010752688172,96.98039215686275,21.717741935483872
1634,TR,Balıkesir,2020,8.669014084507042,12.46657381615599,18.351149425287357,35.861111111111114,47.67688022284123,51.68235294117647
1635,TR,Balıkesir,2021,5.707199999999999,13.125526315789473,20.222281167108754,47.077922077922075,47.50130548302872,44.77029177718833
1636,TR,Balıkesir,2022,5.746917808219178,12.227118644067797,22.916,45.53559322033898,48.9864406779661,40.58779661016949
1637,TR,Balıkesir,2023,13.3,18.5,,122.0,163.0,83.7
1638,TR,Bursa,2016,7.033333333333334,19.383333333333333,11.133333333333333,49.333333333333336,54.0,3.516666666666667
1639,TR,Bursa,2017,12.353932584269662,18.38222222222222,17.46888888888889,64.21857923497268,83.84831460674157,6.562295081967212
1640,TR,Bursa,2018,23.35792349726776,20.20054644808743,17.70054644808743,69.46994535519126,80.98342541436465,6.1519125683060105
1641,TR,Bursa,2019,37.76593406593406,14.674863387978142,17.6005376344086,51.526881720430104,64.06451612903226,8.379301075268817
1642,TR,Bursa,2020,24.737960339943342,16.115774647887324,17.757142857142856,41.72222222222222,78.46388888888889,11.597771587743734
1643,TR,Bursa,2021,26.784182305630026,17.68342245989305,17.90342105263158,39.95844155844156,78.3359375,8.951851851851853
1644,TR,Bursa,2022,32.48581314878893,17.52013651877133,18.187457627118643,39.291525423728814,72.81016949152543,9.732203389830508
1645,TR,Bursa,2023,23.5,21.8,2.1,89.0,166.0,5.1
1646,TR,Denizli,2016,,,,37.333333333333336,,5.216666666666666
1647,TR,Denizli,2017,,,,50.0,,5.528415300546448
1648,TR,Denizli,2018,,,,55.58757062146893,,4.98361581920904
1649,TR,Denizli,2019,17.36,3.275,11.048275862068964,50.00824175824176,,6.266937669376694
1650,TR,Denizli,2020,18.32714285714286,4.3064220183486235,29.428828828828827,47.15041782729805,,4.507002801120448
1651,TR,Denizli,2021,,,,52.159685863874344,,6.8917553191489365
1652,TR,Denizli,2022,18.203846153846154,37.150000000000006,14.477848101265822,52.447457627118645,62.41772151898734,7.489830508474577
1653,TR,Denizli,2023,16.1,48.2,5.1,58.0,115.0,5.8
1654,TR,Erzurum,2016,11.083333333333334,34.300000000000004,16.816666666666666,57.666666666666664,170.16666666666666,8.566666666666666
1655,TR,Erzurum,2017,6.067213114754098,21.34262295081967,19.443715846994536,37.92896174863388,118.16352201257861,7.978142076502732
1656,TR,Erzurum,2018,8.775690607734807,18.782872928176793,21.133701657458563,36.270718232044196,99.01149425287356,6.111602209944752
1657,TR,Erzurum,2019,12.164516129032258,20.371774193548386,26.0002688172043,46.145161290322584,107.20441988950276,4.6215053763440865
1658,TR,Erzurum,2020,6.935933147632312,15.313675213675214,27.237047353760445,31.362116991643454,89.59610027855153,4.38655462184874
1659,TR,Erzurum,2021,6.678421052631579,13.261538461538462,27.27241379310345,36.356770833333336,91.59162303664921,4.299469496021221
1660,TR,Erzurum,2022,6.266779661016949,11.484745762711864,30.967241379310344,36.19661016949153,57.17465753424658,2.669491525423729
1661,TR,Erzurum,2023,14.9,34.6,5.3,58.0,114.0,5.7
1662,TR,Eskişehir,2016,,,,12.2,,1.6
1663,TR,Eskişehir,2017,,,,20.31111111111111,,2.1730994152046783
1664,TR,Eskişehir,2018,,,,22.386363636363637,,3.8329545454545455
1665,TR,Eskişehir,2019,5.83,31.445,9.313333333333333,42.05,82.35,6.045
1666,TR,Eskişehir,2020,3.5797752808988768,18.34491525423729,38.05223880597015,43.943661971830984,54.290140845070425,3.6135593220338986
1667,TR,Eskişehir,2021,5.176404494382022,10.306214689265538,45.56791907514451,37.88095238095238,53.198412698412696,4.7040431266846365
1668,TR,Eskişehir,2022,6.4244525547445255,11.253308823529412,13.166901408450704,36.01083032490975,45.46931407942238,5.463940520446097
1669,TR,Eskişehir,2023,9.3,17.5,2.3,53.0,66.0,6.1
1670,TR,Istanbul,2016,5.516666666666666,22.05,5.95,23.666666666666668,58.666666666666664,3.6833333333333336
1671,TR,Istanbul,2017,7.426229508196721,25.323497267759564,8.889071038251366,34.60655737704918,75.07650273224044,3.681420765027322
1672,TR,Istanbul,2018,7.840437158469945,22.079781420765027,11.715300546448088,34.28415300546448,74.1256830601093,3.3224043715846996
1673,TR,Istanbul,2019,17.59155313351499,17.548501362397822,19.35068119891008,33.346049046321525,62.34426229508197,7.923705722070845
1674,TR,Istanbul,2020,15.485318559556786,18.668975069252078,10.949861495844875,29.498614958448755,60.547222222222224,5.374515235457064
1675,TR,Istanbul,2021,12.942558746736292,19.85366492146597,10.384073107049607,29.010416666666668,65.12137203166228,3.468062827225131
1676,TR,Istanbul,2022,8.588813559322034,16.48101694915254,10.684406779661018,31.25423728813559,57.534013605442176,2.6322033898305084
1677,TR,Istanbul,2023,22.5,32.9,4.3,85.0,166.0,4.4
1678,TR,Kayseri,2016,6.8500000000000005,23.900000000000002,,33.666666666666664,,6.016666666666666
1679,TR,Kayseri,2017,7.133879781420765,47.06502732240437,,41.97267759562842,,3.995628415300546
1680,TR,Kayseri,2018,6.079444444444444,29.168715083798883,,44.54696132596685,,3.8729281767955803
1681,TR,Kayseri,2019,6.571875,33.865242165242165,4.386666666666667,43.29032258064516,82.91052631578947,4.176256983240223
1682,TR,Kayseri,2020,6.14233983286908,10.0996644295302,14.308635097493037,43.29526462395543,68.71309192200557,2.8741573033707866
1683,TR,Kayseri,2021,6.560629921259842,19.418469656992084,12.085301837270341,43.67792207792208,81.7012987012987,4.258839050131926
1684,TR,Kayseri,2022,5.754915254237289,23.90949152542373,12.961694915254236,42.48135593220339,46.362711864406776,2.668135593220339
1685,TR,Kayseri,2023,15.7,67.5,1.3,93.0,96.0,10.2
1686,TR,Konya,2016,8.283333333333333,34.63333333333333,9.583333333333334,25.5,,6.883333333333333
1687,TR,Konya,2017,7.1139534883720925,40.74795321637427,11.99171597633136,40.95628415300546,,8.118032786885246
1688,TR,Konya,2018,11.262359550561799,166.07966101694913,6.4563492063492065,38.646408839779006,,5.203314917127072
1689,TR,Konya,2019,7.055371900826446,10.911737089201877,7.130150753768845,33.93010752688172,92.49765258215963,4.724462365591398
1690,TR,Konya,2020,5.389693593314764,15.160504201680673,12.147353760445682,31.175487465181057,84.98050139275766,3.9540616246498597
1691,TR,Konya,2021,6.27010582010582,15.83527851458886,8.931481481481482,43.73629242819843,86.75392670157068,4.296816976127321
1692,TR,Konya,2022,5.734576271186441,13.459550561797752,9.539590443686006,39.172881355932205,82.0,3.558983050847458
1693,TR,Konya,2023,14.0,30.9,3.3,93.0,170.0,14.2
1694,TR,Kütahya,2016,,,,34.333333333333336,,7.099999999999999
1695,TR,Kütahya,2017,,,,47.50819672131148,,6.30327868852459
1696,TR,Kütahya,2018,2.0964285714285715,4.848148148148148,28.417857142857144,44.339393939393936,139.0,9.192045454545454
1697,TR,Kütahya,2019,5.580232558139534,12.593768545994067,16.918367346938776,45.31391585760518,56.32440476190476,7.670656370656371
1698,TR,Kütahya,2020,5.669310344827586,14.436271186440678,9.58338192419825,85.55555555555556,63.117302052785924,5.296478873239437
1699,TR,Kütahya,2021,4.434699453551913,17.701680672268907,15.202459016393444,45.73026315789474,62.33423180592992,8.312707182320441
1700,TR,Kütahya,2022,3.8901869158878504,11.452329749103942,6.471864406779662,51.33170731707317,73.10112359550561,10.06360544217687
1701,TR,Kütahya,2023,,15.9,5.3,86.0,151.0,14.9
1702,TR,Samsun,2016,10.133333333333333,32.46666666666667,3.5833333333333335,52.166666666666664,77.0,6.366666666666666
1703,TR,Samsun,2017,5.322950819672132,24.301092896174865,11.739344262295083,47.185792349726775,56.235955056179776,4.861748633879781
1704,TR,Samsun,2018,11.275690607734807,19.190055248618783,11.293922651933702,42.812154696132595,55.226519337016576,7.412707182320441
1705,TR,Samsun,2019,10.001881720430108,20.12445652173913,14.541477272727274,38.196236559139784,47.93279569892473,5.3930107526881725
1706,TR,Samsun,2020,5.430362116991644,19.77310924369748,10.668354430379747,37.96378830083565,58.22841225626741,5.668067226890757
1707,TR,Samsun,2021,4.882758620689655,19.022546419098145,10.381743869209808,36.212041884816756,66.89267015706807,6.9198938992042445
1708,TR,Samsun,2022,4.472881355932204,11.871525423728814,9.208219178082192,33.33898305084746,63.094915254237286,3.5684745762711865
1709,TR,Samsun,2023,9.4,14.3,7.5,42.0,104.0,4.7
1710,TR,Sivas,2016,11.166666666666666,23.88333333333333,,33.333333333333336,57.333333333333336,7.733333333333333
1711,TR,Sivas,2017,9.202185792349727,32.778688524590166,,42.79234972677595,80.98314606741573,5.086885245901639
1712,TR,Sivas,2018,5.337654320987655,18.85745856353591,,43.28176795580111,76.62430939226519,7.2646408839779
1713,TR,Sivas,2019,7.8894160583941595,45.717326732673264,,41.266129032258064,69.74931880108991,5.9628985507246375
1714,TR,Sivas,2020,12.438305084745764,27.762393162393163,,38.069637883008355,68.55153203342618,9.447619047619048
1715,TR,Sivas,2021,7.0242690058479536,23.613243243243243,,38.080729166666664,64.48825065274151,8.132439678284182
1716,TR,Sivas,2022,6.627118644067797,18.719661016949154,,41.94915254237288,44.08135593220339,6.008474576271187
1717,TR,Sivas,2023,19.2,32.8,,79.0,67.0,3.7
1718,TR,Trabzon,2016,13.083333333333334,21.216666666666665,8.716666666666667,39.333333333333336,93.33333333333333,10.766666666666666
1719,TR,Trabzon,2017,8.775956284153006,15.637704918032785,16.208196721311474,29.491803278688526,82.42763157894737,4.32896174863388
1720,TR,Trabzon,2018,8.088950276243093,14.002209944751382,17.266298342541436,30.16022099447514,69.55029585798816,5.228176795580111
1721,TR,Trabzon,2019,5.713709677419355,18.445967741935483,19.697311827956987,34.12096774193548,70.02762430939227,4.508870967741935
1722,TR,Trabzon,2020,5.496378830083565,16.46955223880597,20.51225626740947,34.33426183844011,75.19607843137256,2.499159663865546
1723,TR,Trabzon,2021,4.846684350132626,15.206100795755967,21.79257294429708,32.6413612565445,76.25,3.390450928381963
1724,TR,Trabzon,2022,3.9189830508474572,10.966440677966101,18.42813559322034,29.27457627118644,68.3003663003663,3.0640677966101695
1725,TR,Trabzon,2023,8.1,18.6,22.9,57.0,98.0,4.2
1726,TR,İzmir,2016,5.116666666666666,9.85,,24.833333333333332,,6.183333333333333
1727,TR,İzmir,2017,4.506010928961749,13.39398907103825,,34.12021857923497,,5.516939890710382
1728,TR,İzmir,2018,4.603448275862069,21.689655172413794,,35.386740331491715,,5.694475138121546
1729,TR,İzmir,2019,2.4054347826086957,10.44836956521739,2.0285714285714285,29.272972972972973,,5.1702702702702705
1730,TR,İzmir,2020,2.3855153203342616,2.3666666666666667,,30.668523676880223,57.353591160220994,4.817927170868347
1731,TR,İzmir,2021,3.3945169712793732,10.850130548302873,,30.816062176165804,60.075520833333336,6.029442970822281
1732,TR,İzmir,2022,9.204067796610168,32.70576271186441,12.412658227848102,37.7864406779661,66.9864406779661,4.410847457627119
1733,TR,İzmir,2023,15.5,78.5,5.4,73.0,176.0,6.2
1734,TR,İzmit,2016,8.816666666666666,14.15,13.933333333333332,21.333333333333332,42.8,7.816666666666666
1735,TR,İzmit,2017,14.868333333333334,17.07,18.372222222222224,39.830601092896174,76.76536312849161,9.587978142076503
1736,TR,İzmit,2018,19.397777777777776,16.274863387978144,16.2672131147541,43.85245901639344,72.51366120218579,5.275956284153006
1737,TR,İzmit,2019,13.706027397260273,14.570509383378017,16.772654155495978,36.029490616621985,63.80965147453083,6.222252010723861
1738,TR,İzmit,2020,15.927635327635329,12.293314763231198,16.114722222222223,33.525,60.93888888888889,5.498885793871866
1739,TR,İzmit,2021,22.765066666666666,13.06921052631579,15.991052631578949,34.666666666666664,60.859375,11.586315789473685
1740,TR,İzmit,2022,15.914827586206897,11.803050847457627,12.293220338983051,34.29830508474576,61.68135593220339,13.741016949152542
1741,TR,İzmit,2023,26.6,17.5,2.3,72.0,160.0,11.1
1742,UA,Dnipro,2019,,,,23.78153846153846,48.51384615384615,
1743,UA,Dnipro,2020,,,,20.50769230769231,38.174358974358974,
1744,UA,Dnipro,2021,,,,27.23076923076923,53.65384615384615,
1745,UA,Dnipro,2022,,,,10.824324324324325,26.40990990990991,
1746,UA,Ivano-Frankivsk,2019,,,,21.924398625429554,47.92096219931271,
1747,UA,Ivano-Frankivsk,2020,,,,19.725641025641025,42.312820512820515,
1748,UA,Ivano-Frankivsk,2021,,,,18.237762237762237,39.02447552447553,
1749,UA,Ivano-Frankivsk,2022,,,,5.116279069767442,12.418604651162791,
1750,UA,Kamianske,2019,,,,20.256140350877192,39.410526315789475,
1751,UA,Kamianske,2020,,,,15.0,26.835897435897436,
1752,UA,Kamianske,2021,,,,4.266666666666667,11.6,
1753,UA,Kryvyi Rih,2019,,,,17.233676975945016,37.8213058419244,
1754,UA,Kryvyi Rih,2020,,,,20.543589743589745,41.04615384615385,
1755,UA,Kryvyi Rih,2021,,,,15.680555555555555,36.46527777777778,
1756,UA,Kryvyi Rih,2022,,,,4.953488372093023,11.616279069767442,
1757,UA,Kyiv,2019,,,,17.451104100946374,38.11356466876972,
1758,UA,Kyiv,2020,,,,15.246153846153845,33.49487179487179,
1759,UA,Kyiv,2021,,,,17.110552763819097,40.773148148148145,
1760,UA,Kyiv,2022,,,,5.471264367816092,25.486486486486488,
1761,UA,Lviv,2019,,,,22.973568281938327,48.29515418502203,
1762,UA,Lviv,2020,,,,24.094871794871796,49.07179487179487,
1763,UA,Lviv,2021,,,,25.225941422594143,52.47280334728033,
1764,UA,Lviv,2022,,,,15.564705882352941,32.55294117647059,
1765,UA,Odessa,2019,,,,17.69649805447471,38.038910505836576,
1766,UA,Odessa,2020,,,,21.93089430894309,35.49593495934959,
1767,UA,Odessa,2021,,,,13.478947368421053,35.02105263157895,
1768,UA,Ternopil,2019,,,,20.339041095890412,40.917808219178085,
1769,UA,Ternopil,2020,,,,17.466145833333332,34.864583333333336,
1770,UA,Ternopil,2021,,,,27.773972602739725,51.52054794520548,
1771,UA,Ternopil,2022,,,,5.352941176470588,13.122171945701357,
1772,UA,Zaporizhia,2019,,,,23.257839721254356,48.13937282229965,
1773,UA,Zaporizhia,2020,,,,22.605128205128207,44.06153846153846,
1774,UA,Zaporizhia,2021,,,,27.804347826086957,61.18478260869565,
1775,XK,Pristina,2016,,,,,94.33333333333333,
1776,XK,Pristina,2017,,,,,82.03867403314918,
1777,XK,Pristina,2018,,,,,70.33333333333333,
1778,XK,Pristina,2019,21.303030303030305,15.896969696969698,7.56969696969697,23.59090909090909,66.29411764705883,5.493939393939394
1779,XK,Pristina,2020,14.24858044164038,10.033123028391167,20.845741324921136,25.01261829652997,69.58080808080808,5.608517350157729
1780,XK,Pristina,2021,13.878547854785477,8.859075907590759,15.399999999999999,21.219594594594593,67.01288659793815,3.714383561643835
1781,XK,Pristina,2022,10.293085106382978,9.528318584070798,14.291705069124426,16.366071428571427,70.55442176870748,6.11036036036036
1782,XK,Pristina,2023,,7.1,1.7,51.0,163.0,4.3
